"Longitude (x)","Latitude (y)","Station Name","Climate ID","Date/Time (LST)","Year","Month","Day","Time (LST)","Temp (°C)","Temp Flag","Dew Point Temp (°C)","Dew Point Temp Flag","Rel Hum (%)","Rel Hum Flag","Precip. Amount (mm)","Precip. Amount Flag","Wind Dir (10s deg)","Wind Dir Flag","Wind Spd (km/h)","Wind Spd Flag","Visibility (km)","Visibility Flag","Stn Press (kPa)","Stn Press Flag","Hmdx","Hmdx Flag","Wind Chill","Wind Chill Flag","Weather"
"-114.00","51.11","CALGARY INT'L CS","3031094","2023-09-01 00:00","2023","09","01","00:00","15.8","","10.3","","70","","0.0","","35","","12","","","","88.86","","","","","","NA"
"-114.00","51.11","CALGARY INT'L CS","3031094","2023-09-01 01:00","2023","09","01","01:00","14.9","","9.6","","71","","0.0","","34","","10","","","","88.91","","","","","","NA"
"-114.00","51.11","CALGARY INT'L CS","3031094","2023-09-01 02:00","2023","09","01","02:00","13.9","","10.5","","80","","0.0","","30","","8","","","","88.95","","","","","","NA"
"-114.00","51.11","CALGARY INT'L CS","3031094","2023-09-01 03:00","2023","09","01","03:00","14.2","","9.4","","73","","0.0","","31","","13","","","","88.95","","","","","","NA"
"-114.00","51.11","CALGARY INT'L CS","3031094","2023-09-01 04:00","2023","09","01","04:00","13.9","","9.5","","75","","0.0","","32","","9","","","","89.00","","","","","","NA"
"-114.00","51.11","CALGARY INT'L CS","3031094","2023-09-01 05:00","2023","09","01","05:00","13.9","","9.7","","76","","0.0","","33","","13","","","","89.03","","","","","","NA"
"-114.00","51.11","CALGARY INT'L CS","3031094","2023-09-01 06:00","2023","09","01","06:00","13.9","","9.9","","77","","0.0","","29","","8","","","","89.07","","","","","","NA"
"-114.00","51.11","CALGARY INT'L CS","3031094","2023-09-01 07:00","2023","09","01","07:00","14.1","","10.5","","79","","0.0","","30","","9","","","","89.08","","","","","","NA"
"-114.00","51.11","CALGARY INT'L CS","3031094","2023-09-01 08:00","2023","09","01","08:00","15.6","","9.8","","68","","0.0","","33","","11","","","","89.13","","","","","","NA"
"-114.00","51.11","CALGARY INT'L CS","3031094","2023-09-01 09:00","2023","09","01","09:00","16.8","","9.5","","62","","0.0","","30","","9","","","","89.16","","","","","","NA"
"-114.00","51.11","CALGARY INT'L CS","3031094","2023-09-01 10:00","2023","09","01","10:00","18.1","","9.2","","56","","0.0","","34","","10","","","","89.16","","","","","","NA"
"-114.00","51.11","CALGARY INT'L CS","3031094","2023-09-01 11:00","2023","09","01","11:00","19.0","","9.1","","53","","0.0","","30","","6","","","","89.12","","","","","","NA"
"-114.00","51.11","CALGARY INT'L CS","3031094","2023-09-01 12:00","2023","09","01","12:00","20.3","","8.8","","48","","0.0","","26","","9","","","","89.07","","","","","","NA"
"-114.00","51.11","CALGARY INT'L CS","3031094","2023-09-01 13:00","2023","09","01","13:00","21.2","","9.3","","46","","0.0","","21","","11","","","","88.99","","","","","","NA"
"-114.00","51.11","CALGARY INT'L CS","3031094","2023-09-01 14:00","2023","09","01","14:00","22.7","","9.8","","44","","0.0","","19","","12","","","","88.95","","","","","","NA"
"-114.00","51.11","CALGARY INT'L CS","3031094","2023-09-01 15:00","2023","09","01","15:00","23.7","","9.5","","40","","0.0","","19","","14","","","","88.86","","25","","","","NA"
"-114.00","51.11","CALGARY INT'L CS","3031094","2023-09-01 16:00","2023","09","01","16:00","23.7","","9.4","","40","","0.0","","19","","21","","","","88.79","","25","","","","NA"
"-114.00","51.11","CALGARY INT'L CS","3031094","2023-09-01 17:00","2023","09","01","17:00","23.7","","9.8","","41","","0.0","","19","","27","","","","88.67","","25","","","","NA"
"-114.00","51.11","CALGARY INT'L CS","3031094","2023-09-01 18:00","2023","09","01","18:00","22.9","","10.2","","45","","0.0","","18","","24","","","","88.63","","","","","","NA"
"-114.00","51.11","CALGARY INT'L CS","3031094","2023-09-01 19:00","2023","09","01","19:00","21.2","","10.1","","49","","0.0","","19","","20","","","","88.59","","","","","","NA"
"-114.00","51.11","CALGARY INT'L CS","3031094","2023-09-01 20:00","2023","09","01","20:00","19.8","","10.5","","55","","0.0","","20","","16","","","","88.58","","","","","","NA"
"-114.00","51.11","CALGARY INT'L CS","3031094","2023-09-01 21:00","2023","09","01","21:00","17.3","","10.6","","65","","0.0","","20","","6","","","","88.59","","","","","","NA"
"-114.00","51.11","CALGARY INT'L CS","3031094","2023-09-01 22:00","2023","09","01","22:00","16.3","","10.7","","70","","0.0","","22","","7","","","","88.57","","","","","","NA"
"-114.00","51.11","CALGARY INT'L CS","3031094","2023-09-01 23:00","2023","09","01","23:00","16.3","","8.6","","60","","0.0","","27","","6","","","","88.56","","","","","","NA"
"-114.00","51.11","CALGARY INT'L CS","3031094","2023-09-02 00:00","2023","09","02","00:00","19.4","","5.6","","40","","0.0","","30","","13","","","","88.52","","","","","","NA"
"-114.00","51.11","CALGARY INT'L CS","3031094","2023-09-02 01:00","2023","09","02","01:00","19.4","","5.3","","40","","0.0","","29","","7","","","","88.50","","","","","","NA"
"-114.00","51.11","CALGARY INT'L CS","3031094","2023-09-02 02:00","2023","09","02","02:00","17.6","","5.4","","45","","0.0","","28","","9","","","","88.52","","","","","","NA"
"-114.00","51.11","CALGARY INT'L CS","3031094","2023-09-02 03:00","2023","09","02","03:00","17.5","","5.3","","45","","0.0","","29","","7","","","","88.53","","","","","","NA"
"-114.00","51.11","CALGARY INT'L CS","3031094","2023-09-02 04:00","2023","09","02","04:00","18.5","","5.0","","41","","0.0","","31","","14","","","","88.55","","","","","","NA"
"-114.00","51.11","CALGARY INT'L CS","3031094","2023-09-02 05:00","2023","09","02","05:00","18.2","","4.9","","42","","0.0","","31","","16","","","","88.57","","","","","","NA"
"-114.00","51.11","CALGARY INT'L CS","3031094","2023-09-02 06:00","2023","09","02","06:00","17.7","","5.1","","43","","0.0","","32","","14","","","","88.60","","","","","","NA"
"-114.00","51.11","CALGARY INT'L CS","3031094","2023-09-02 07:00","2023","09","02","07:00","19.4","","5.2","","39","","0.0","","30","","15","","","","88.63","","","","","","NA"
"-114.00","51.11","CALGARY INT'L CS","3031094","2023-09-02 08:00","2023","09","02","08:00","21.2","","6.2","","38","","0.0","","32","","8","","","","88.68","","","","","","NA"
"-114.00","51.11","CALGARY INT'L CS","3031094","2023-09-02 09:00","2023","09","02","09:00","21.9","","6.5","","37","","0.0","","10","","7","","","","88.72","","","","","","NA"
"-114.00","51.11","CALGARY INT'L CS","3031094","2023-09-02 10:00","2023","09","02","10:00","23.1","","7.4","","37","","0.0","","14","","9","","","","88.72","","","","","","NA"
"-114.00","51.11","CALGARY INT'L CS","3031094","2023-09-02 11:00","2023","09","02","11:00","24.0","","6.2","","32","","0.0","","15","","7","","","","88.71","","","","","","NA"
"-114.00","51.11","CALGARY INT'L CS","3031094","2023-09-02 12:00","2023","09","02","12:00","25.3","","6.3","","30","","0.0","","15","","8","","","","88.69","","25","","","","NA"
"-114.00","51.11","CALGARY INT'L CS","3031094","2023-09-02 13:00","2023","09","02","13:00","26.2","","6.6","","29","","0.0","","14","","10","","","","88.64","","26","","","","NA"
"-114.00","51.11","CALGARY INT'L CS","3031094","2023-09-02 14:00","2023","09","02","14:00","27.3","","6.1","","26","","0.0","","18","","11","","","","88.58","","27","","","","NA"
"-114.00","51.11","CALGARY INT'L CS","3031094","2023-09-02 15:00","2023","09","02","15:00","27.5","","6.3","","26","","0.0","","17","","10","","","","88.55","","27","","","","NA"
"-114.00","51.11","CALGARY INT'L CS","3031094","2023-09-02 16:00","2023","09","02","16:00","27.0","","6.4","","27","","0.0","","16","","12","","","","88.51","","27","","","","NA"
"-114.00","51.11","CALGARY INT'L CS","3031094","2023-09-02 17:00","2023","09","02","17:00","26.3","","7.6","","31","","0.0","","16","","11","","","","88.48","","27","","","","NA"
"-114.00","51.11","CALGARY INT'L CS","3031094","2023-09-02 18:00","2023","09","02","18:00","25.0","","7.0","","32","","0.0","","18","","10","","","","88.49","","25","","","","NA"
"-114.00","51.11","CALGARY INT'L CS","3031094","2023-09-02 19:00","2023","09","02","19:00","23.0","","8.7","","40","","0.0","","27","","6","","","","88.51","","","","","","NA"
"-114.00","51.11","CALGARY INT'L CS","3031094","2023-09-02 20:00","2023","09","02","20:00","23.3","","7.2","","36","","0.0","","15","","6","","","","88.57","","","","","","NA"
"-114.00","51.11","CALGARY INT'L CS","3031094","2023-09-02 21:00","2023","09","02","21:00","20.8","","6.6","","40","","0.0","","19","","5","","","","88.59","","","","","","NA"
"-114.00","51.11","CALGARY INT'L CS","3031094","2023-09-02 22:00","2023","09","02","22:00","20.6","","5.9","","38","","0.0","","24","","9","","","","88.59","","","","","","NA"
"-114.00","51.11","CALGARY INT'L CS","3031094","2023-09-02 23:00","2023","09","02","23:00","19.9","","5.9","","40","","0.0","","31","","10","","","","88.60","","","","","","NA"
"-114.00","51.11","CALGARY INT'L CS","3031094","2023-09-03 00:00","2023","09","03","00:00","16.3","","6.9","","54","","0.0","","33","","6","","","","88.61","","","","","","NA"
"-114.00","51.11","CALGARY INT'L CS","3031094","2023-09-03 01:00","2023","09","03","01:00","14.3","","9.0","","70","","0.0","","34","","12","","","","88.63","","","","","","NA"
"-114.00","51.11","CALGARY INT'L CS","3031094","2023-09-03 02:00","2023","09","03","02:00","14.5","","9.0","","69","","0.0","","34","","18","","","","88.65","","","","","","NA"
"-114.00","51.11","CALGARY INT'L CS","3031094","2023-09-03 03:00","2023","09","03","03:00","13.3","","8.7","","74","","0.0","","33","","14","","","","88.67","","","","","","NA"
"-114.00","51.11","CALGARY INT'L CS","3031094","2023-09-03 04:00","2023","09","03","04:00","12.6","","8.5","","76","","0.0","","34","","10","","","","88.68","","","","","","NA"
"-114.00","51.11","CALGARY INT'L CS","3031094","2023-09-03 05:00","2023","09","03","05:00","11.5","","8.1","","80","","0.0","","1","","10","","","","88.57","","","","","","NA"
"-114.00","51.11","CALGARY INT'L CS","3031094","2023-09-03 06:00","2023","09","03","06:00","9.5","","7.2","","85","","0.0","","17","","6","","","","88.54","","","","","","NA"
"-114.00","51.11","CALGARY INT'L CS","3031094","2023-09-03 07:00","2023","09","03","07:00","12.2","","8.0","","76","","0.0","","21","","11","","","","88.48","","","","","","NA"
"-114.00","51.11","CALGARY INT'L CS","3031094","2023-09-03 08:00","2023","09","03","08:00","14.7","","9.1","","69","","0.0","","23","","6","","","","88.36","","","","","","NA"
"-114.00","51.11","CALGARY INT'L CS","3031094","2023-09-03 09:00","2023","09","03","09:00","17.2","","7.8","","54","","0.0","","22","","12","","","","88.31","","","","","","NA"
"-114.00","51.11","CALGARY INT'L CS","3031094","2023-09-03 10:00","2023","09","03","10:00","19.3","","8.1","","48","","0.0","","13","","7","","","","88.32","","","","","","NA"
"-114.00","51.11","CALGARY INT'L CS","3031094","2023-09-03 11:00","2023","09","03","11:00","19.8","","9.1","","50","","0.0","","24","","13","","","","88.28","","","","","","NA"
"-114.00","51.11","CALGARY INT'L CS","3031094","2023-09-03 12:00","2023","09","03","12:00","20.9","","9.7","","49","","0.0","","26","","13","","","","88.32","","","","","","NA"
"-114.00","51.11","CALGARY INT'L CS","3031094","2023-09-03 13:00","2023","09","03","13:00","16.4","","9.6","","64","","0.0","","36","","30","","","","88.39","","","","","","NA"
"-114.00","51.11","CALGARY INT'L CS","3031094","2023-09-03 14:00","2023","09","03","14:00","16.5","","7.9","","57","","0.0","","36","","31","","","","88.43","","","","","","NA"
"-114.00","51.11","CALGARY INT'L CS","3031094","2023-09-03 15:00","2023","09","03","15:00","15.8","","7.3","","57","","0.0","","1","","28","","","","88.46","","","","","","NA"
"-114.00","51.11","CALGARY INT'L CS","3031094","2023-09-03 16:00","2023","09","03","16:00","16.6","","6.9","","52","","0.0","","35","","20","","","","88.46","","","","","","NA"
"-114.00","51.11","CALGARY INT'L CS","3031094","2023-09-03 17:00","2023","09","03","17:00","16.5","","7.2","","54","","0.0","","2","","17","","","","88.49","","","","","","NA"
"-114.00","51.11","CALGARY INT'L CS","3031094","2023-09-03 18:00","2023","09","03","18:00","15.2","","7.4","","60","","0.0","","2","","17","","","","88.52","","","","","","NA"
"-114.00","51.11","CALGARY INT'L CS","3031094","2023-09-03 19:00","2023","09","03","19:00","14.5","","7.8","","64","","0.0","","3","","10","","","","88.55","","","","","","NA"
"-114.00","51.11","CALGARY INT'L CS","3031094","2023-09-03 20:00","2023","09","03","20:00","13.5","","7.1","","65","","0.0","","2","","11","","","","88.61","","","","","","NA"
"-114.00","51.11","CALGARY INT'L CS","3031094","2023-09-03 21:00","2023","09","03","21:00","12.8","","7.2","","69","","0.0","","1","","13","","","","88.64","","","","","","NA"
"-114.00","51.11","CALGARY INT'L CS","3031094","2023-09-03 22:00","2023","09","03","22:00","12.9","","7.6","","70","","0.0","","36","","8","","","","88.69","","","","","","NA"
"-114.00","51.11","CALGARY INT'L CS","3031094","2023-09-03 23:00","2023","09","03","23:00","11.9","","6.8","","71","","0.0","","3","","12","","","","88.70","","","","","","NA"
"-114.00","51.11","CALGARY INT'L CS","3031094","2023-09-04 00:00","2023","09","04","00:00","10.5","","6.6","","77","","0.0","","31","","8","","","","88.70","","","","","","NA"
"-114.00","51.11","CALGARY INT'L CS","3031094","2023-09-04 01:00","2023","09","04","01:00","10.6","","7.5","","82","","0.0","","35","","7","","","","88.70","","","","","","NA"
"-114.00","51.11","CALGARY INT'L CS","3031094","2023-09-04 02:00","2023","09","04","02:00","10.7","","7.0","","78","","0.0","","35","","2","","","","88.71","","","","","","NA"
"-114.00","51.11","CALGARY INT'L CS","3031094","2023-09-04 03:00","2023","09","04","03:00","11.0","","7.4","","78","","0.0","","33","","7","","","","88.72","","","","","","NA"
"-114.00","51.11","CALGARY INT'L CS","3031094","2023-09-04 04:00","2023","09","04","04:00","10.7","","6.9","","78","","0.0","","35","","9","","","","88.77","","","","","","NA"
"-114.00","51.11","CALGARY INT'L CS","3031094","2023-09-04 05:00","2023","09","04","05:00","9.4","","7.6","","88","","0.7","","3","","13","","","","88.76","","","","","","NA"
"-114.00","51.11","CALGARY INT'L CS","3031094","2023-09-04 06:00","2023","09","04","06:00","9.7","","7.6","","87","","0.2","","4","","14","","","","88.78","","","","","","NA"
"-114.00","51.11","CALGARY INT'L CS","3031094","2023-09-04 07:00","2023","09","04","07:00","9.8","","7.3","","85","","0.0","","29","","1","","","","88.85","","","","","","NA"
"-114.00","51.11","CALGARY INT'L CS","3031094","2023-09-04 08:00","2023","09","04","08:00","9.4","","7.7","","89","","1.1","","2","","10","","","","88.91","","","","","","NA"
"-114.00","51.11","CALGARY INT'L CS","3031094","2023-09-04 09:00","2023","09","04","09:00","9.1","","7.2","","88","","1.5","","3","","7","","","","88.98","","","","","","NA"
"-114.00","51.11","CALGARY INT'L CS","3031094","2023-09-04 10:00","2023","09","04","10:00","9.0","","7.8","","92","","0.4","","1","","16","","","","89.05","","","","","","NA"
"-114.00","51.11","CALGARY INT'L CS","3031094","2023-09-04 11:00","2023","09","04","11:00","8.7","","7.7","","93","","1.8","","2","","15","","","","89.11","","","","","","NA"
"-114.00","51.11","CALGARY INT'L CS","3031094","2023-09-04 12:00","2023","09","04","12:00","8.4","","7.0","","91","","0.1","","3","","17","","","","89.12","","","","","","NA"
"-114.00","51.11","CALGARY INT'L CS","3031094","2023-09-04 13:00","2023","09","04","13:00","8.7","","7.2","","90","","0.0","","2","","16","","","","89.14","","","","","","NA"
"-114.00","51.11","CALGARY INT'L CS","3031094","2023-09-04 14:00","2023","09","04","14:00","8.6","","6.4","","86","","0.0","","2","","10","","","","89.15","","","","","","NA"
"-114.00","51.11","CALGARY INT'L CS","3031094","2023-09-04 15:00","2023","09","04","15:00","9.4","","6.6","","83","","0.0","","6","","4","","","","89.17","","","","","","NA"
"-114.00","51.11","CALGARY INT'L CS","3031094","2023-09-04 16:00","2023","09","04","16:00","9.7","","6.3","","79","","0.0","","11","","2","","","","89.18","","","","","","NA"
"-114.00","51.11","CALGARY INT'L CS","3031094","2023-09-04 17:00","2023","09","04","17:00","10.0","","6.7","","80","","0.0","","9","","3","","","","89.21","","","","","","NA"
"-114.00","51.11","CALGARY INT'L CS","3031094","2023-09-04 18:00","2023","09","04","18:00","10.1","","7.4","","84","","0.0","","7","","4","","","","89.20","","","","","","NA"
"-114.00","51.11","CALGARY INT'L CS","3031094","2023-09-04 19:00","2023","09","04","19:00","9.6","","7.1","","84","","0.0","","9","","6","","","","89.22","","","","","","NA"
"-114.00","51.11","CALGARY INT'L CS","3031094","2023-09-04 20:00","2023","09","04","20:00","9.4","","7.2","","86","","0.0","","10","","12","","","","89.28","","","","","","NA"
"-114.00","51.11","CALGARY INT'L CS","3031094","2023-09-04 21:00","2023","09","04","21:00","9.2","","7.1","","87","","0.0","","10","","12","","","","89.31","","","","","","NA"
"-114.00","51.11","CALGARY INT'L CS","3031094","2023-09-04 22:00","2023","09","04","22:00","9.3","","7.2","","87","","0.0","","9","","10","","","","89.32","","","","","","NA"
"-114.00","51.11","CALGARY INT'L CS","3031094","2023-09-04 23:00","2023","09","04","23:00","9.2","","6.9","","85","","0.0","","11","","9","","","","89.32","","","","","","NA"
"-114.00","51.11","CALGARY INT'L CS","3031094","2023-09-05 00:00","2023","09","05","00:00","9.1","","7.2","","88","","0.0","","14","","10","","","","89.31","","","","","","NA"
"-114.00","51.11","CALGARY INT'L CS","3031094","2023-09-05 01:00","2023","09","05","01:00","8.9","","7.2","","89","","0.0","","10","","11","","","","89.31","","","","","","NA"
"-114.00","51.11","CALGARY INT'L CS","3031094","2023-09-05 02:00","2023","09","05","02:00","8.4","","7.1","","91","","0.0","","11","","12","","","","89.31","","","","","","NA"
"-114.00","51.11","CALGARY INT'L CS","3031094","2023-09-05 03:00","2023","09","05","03:00","7.9","","5.4","","84","","0.0","","14","","18","","","","89.30","","","","","","NA"
"-114.00","51.11","CALGARY INT'L CS","3031094","2023-09-05 04:00","2023","09","05","04:00","7.9","","5.0","","82","","0.0","","14","","18","","","","89.29","","","","","","NA"
"-114.00","51.11","CALGARY INT'L CS","3031094","2023-09-05 05:00","2023","09","05","05:00","7.9","","5.2","","83","","0.0","","14","","12","","","","89.27","","","","","","NA"
"-114.00","51.11","CALGARY INT'L CS","3031094","2023-09-05 06:00","2023","09","05","06:00","8.0","","5.3","","83","","0.0","","15","","14","","","","89.27","","","","","","NA"
"-114.00","51.11","CALGARY INT'L CS","3031094","2023-09-05 07:00","2023","09","05","07:00","8.1","","5.4","","83","","0.0","","16","","14","","","","89.26","","","","","","NA"
"-114.00","51.11","CALGARY INT'L CS","3031094","2023-09-05 08:00","2023","09","05","08:00","9.1","","4.9","","75","","0.0","","16","","19","","","","89.19","","","","","","NA"
"-114.00","51.11","CALGARY INT'L CS","3031094","2023-09-05 09:00","2023","09","05","09:00","10.7","","4.8","","67","","0.0","","16","","22","","","","89.16","","","","","","NA"
"-114.00","51.11","CALGARY INT'L CS","3031094","2023-09-05 10:00","2023","09","05","10:00","12.4","","6.0","","65","","0.0","","16","","23","","","","89.11","","","","","","NA"
"-114.00","51.11","CALGARY INT'L CS","3031094","2023-09-05 11:00","2023","09","05","11:00","14.5","","7.0","","61","","0.0","","18","","20","","","","89.06","","","","","","NA"
"-114.00","51.11","CALGARY INT'L CS","3031094","2023-09-05 12:00","2023","09","05","12:00","16.2","","7.5","","56","","0.0","","18","","20","","","","88.98","","","","","","NA"
"-114.00","51.11","CALGARY INT'L CS","3031094","2023-09-05 13:00","2023","09","05","13:00","18.1","","8.1","","52","","0.0","","18","","19","","","","88.90","","","","","","NA"
"-114.00","51.11","CALGARY INT'L CS","3031094","2023-09-05 14:00","2023","09","05","14:00","19.8","","7.7","","45","","0.0","","16","","15","","","","88.81","","","","","","NA"
"-114.00","51.11","CALGARY INT'L CS","3031094","2023-09-05 15:00","2023","09","05","15:00","21.5","","7.8","","41","","0.0","","16","","20","","","","88.73","","","","","","NA"
"-114.00","51.11","CALGARY INT'L CS","3031094","2023-09-05 16:00","2023","09","05","16:00","21.8","","6.8","","38","","0.0","","16","","22","","","","88.64","","","","","","NA"
"-114.00","51.11","CALGARY INT'L CS","3031094","2023-09-05 17:00","2023","09","05","17:00","15.0","","7.7","","61","","0.0","","36","","34","","","","88.68","","","","","","NA"
"-114.00","51.11","CALGARY INT'L CS","3031094","2023-09-05 18:00","2023","09","05","18:00","14.8","","8.3","","65","","0.0","","34","","22","","","","88.74","","","","","","NA"
"-114.00","51.11","CALGARY INT'L CS","3031094","2023-09-05 19:00","2023","09","05","19:00","14.2","","7.9","","66","","0.0","","34","","16","","","","88.80","","","","","","NA"
"-114.00","51.11","CALGARY INT'L CS","3031094","2023-09-05 20:00","2023","09","05","20:00","13.6","","9.1","","74","","0.0","","35","","29","","","","88.90","","","","","","NA"
"-114.00","51.11","CALGARY INT'L CS","3031094","2023-09-05 21:00","2023","09","05","21:00","11.3","","7.2","","76","","0.0","","35","","22","","","","88.97","","","","","","NA"
"-114.00","51.11","CALGARY INT'L CS","3031094","2023-09-05 22:00","2023","09","05","22:00","10.2","","6.4","","77","","0.0","","35","","19","","","","89.04","","","","","","NA"
"-114.00","51.11","CALGARY INT'L CS","3031094","2023-09-05 23:00","2023","09","05","23:00","9.4","","7.3","","87","","0.2","","35","","15","","","","89.05","","","","","","NA"
"-114.00","51.11","CALGARY INT'L CS","3031094","2023-09-06 00:00","2023","09","06","00:00","8.7","","7.0","","89","","0.2","","34","","5","","","","89.11","","","","","","NA"
"-114.00","51.11","CALGARY INT'L CS","3031094","2023-09-06 01:00","2023","09","06","01:00","8.6","","7.1","","91","","0.0","","32","","5","","","","89.09","","","","","","NA"
"-114.00","51.11","CALGARY INT'L CS","3031094","2023-09-06 02:00","2023","09","06","02:00","8.6","","6.6","","87","","0.0","","32","","10","","","","89.09","","","","","","NA"
"-114.00","51.11","CALGARY INT'L CS","3031094","2023-09-06 03:00","2023","09","06","03:00","8.3","","6.2","","87","","0.0","","32","","9","","","","89.08","","","","","","NA"
"-114.00","51.11","CALGARY INT'L CS","3031094","2023-09-06 04:00","2023","09","06","04:00","8.5","","5.8","","83","","0.0","","29","","3","","","","89.08","","","","","","NA"
"-114.00","51.11","CALGARY INT'L CS","3031094","2023-09-06 05:00","2023","09","06","05:00","8.5","","6.0","","84","","0.0","","32","","2","","","","89.08","","","","","","NA"
"-114.00","51.11","CALGARY INT'L CS","3031094","2023-09-06 06:00","2023","09","06","06:00","8.3","","6.5","","88","","0.0","","22","","6","","","","89.09","","","","","","NA"
"-114.00","51.11","CALGARY INT'L CS","3031094","2023-09-06 07:00","2023","09","06","07:00","8.6","","6.6","","87","","0.0","","21","","6","","","","89.07","","","","","","NA"
"-114.00","51.11","CALGARY INT'L CS","3031094","2023-09-06 08:00","2023","09","06","08:00","9.6","","6.6","","82","","0.0","","24","","7","","","","89.08","","","","","","NA"
"-114.00","51.11","CALGARY INT'L CS","3031094","2023-09-06 09:00","2023","09","06","09:00","10.9","","6.5","","74","","0.0","","17","","5","","","","89.05","","","","","","NA"
"-114.00","51.11","CALGARY INT'L CS","3031094","2023-09-06 10:00","2023","09","06","10:00","11.5","","6.9","","73","","0.0","","15","","12","","","","89.00","","","","","","NA"
"-114.00","51.11","CALGARY INT'L CS","3031094","2023-09-06 11:00","2023","09","06","11:00","13.0","","7.3","","68","","0.0","","17","","11","","","","88.97","","","","","","NA"
"-114.00","51.11","CALGARY INT'L CS","3031094","2023-09-06 12:00","2023","09","06","12:00","15.0","","7.0","","59","","0.0","","17","","15","","","","88.93","","","","","","NA"
"-114.00","51.11","CALGARY INT'L CS","3031094","2023-09-06 13:00","2023","09","06","13:00","16.0","","6.5","","53","","0.0","","17","","8","","","","88.91","","","","","","NA"
"-114.00","51.11","CALGARY INT'L CS","3031094","2023-09-06 14:00","2023","09","06","14:00","10.1","","7.6","","84","","0.9","","35","","28","","","","89.00","","","","","","NA"
"-114.00","51.11","CALGARY INT'L CS","3031094","2023-09-06 15:00","2023","09","06","15:00","12.9","","7.8","","71","","0.3","","3","","13","","","","88.94","","","","","","NA"
"-114.00","51.11","CALGARY INT'L CS","3031094","2023-09-06 16:00","2023","09","06","16:00","13.9","","6.9","","63","","0.0","","3","","12","","","","88.89","","","","","","NA"
"-114.00","51.11","CALGARY INT'L CS","3031094","2023-09-06 17:00","2023","09","06","17:00","14.9","","6.7","","58","","0.0","","7","","6","","","","88.85","","","","","","NA"
"-114.00","51.11","CALGARY INT'L CS","3031094","2023-09-06 18:00","2023","09","06","18:00","14.1","","7.8","","66","","0.0","","9","","9","","","","88.84","","","","","","NA"
"-114.00","51.11","CALGARY INT'L CS","3031094","2023-09-06 19:00","2023","09","06","19:00","12.5","","8.4","","76","","0.0","","14","","8","","","","88.87","","","","","","NA"
"-114.00","51.11","CALGARY INT'L CS","3031094","2023-09-06 20:00","2023","09","06","20:00","12.6","","8.9","","78","","0.0","","20","","17","","","","88.92","","","","","","NA"
"-114.00","51.11","CALGARY INT'L CS","3031094","2023-09-06 21:00","2023","09","06","21:00","12.3","","5.5","","63","","0.0","","22","","13","","","","88.89","","","","","","NA"
"-114.00","51.11","CALGARY INT'L CS","3031094","2023-09-06 22:00","2023","09","06","22:00","11.6","","5.7","","67","","0.0","","30","","7","","","","88.96","","","","","","NA"
"-114.00","51.11","CALGARY INT'L CS","3031094","2023-09-06 23:00","2023","09","06","23:00","9.3","","5.2","","75","","0.0","","30","","3","","","","88.95","","","","","","NA"
"-114.00","51.11","CALGARY INT'L CS","3031094","2023-09-07 00:00","2023","09","07","00:00","8.1","","5.3","","83","","0.0","","28","","7","","","","88.95","","","","","","NA"
"-114.00","51.11","CALGARY INT'L CS","3031094","2023-09-07 01:00","2023","09","07","01:00","7.1","","5.4","","89","","0.0","","35","","6","","","","88.96","","","","","","NA"
"-114.00","51.11","CALGARY INT'L CS","3031094","2023-09-07 02:00","2023","09","07","02:00","7.9","","5.5","","85","","0.0","","35","","11","","","","89.03","","","","","","NA"
"-114.00","51.11","CALGARY INT'L CS","3031094","2023-09-07 03:00","2023","09","07","03:00","7.3","","4.9","","85","","0.0","","35","","12","","","","89.05","","","","","","NA"
"-114.00","51.11","CALGARY INT'L CS","3031094","2023-09-07 04:00","2023","09","07","04:00","6.6","","4.8","","88","","0.0","","32","","7","","","","89.10","","","","","","NA"
"-114.00","51.11","CALGARY INT'L CS","3031094","2023-09-07 05:00","2023","09","07","05:00","5.5","","4.0","","90","","0.0","","23","","5","","","","89.11","","","","","","NA"
"-114.00","51.11","CALGARY INT'L CS","3031094","2023-09-07 06:00","2023","09","07","06:00","5.0","","3.6","","90","","0.0","","32","","3","","","","89.19","","","","","","NA"
"-114.00","51.11","CALGARY INT'L CS","3031094","2023-09-07 07:00","2023","09","07","07:00","7.2","","4.9","","85","","0.0","","33","","3","","","","89.24","","","","","","NA"
"-114.00","51.11","CALGARY INT'L CS","3031094","2023-09-07 08:00","2023","09","07","08:00","9.4","","5.5","","76","","0.0","","35","","7","","","","89.27","","","","","","NA"
"-114.00","51.11","CALGARY INT'L CS","3031094","2023-09-07 09:00","2023","09","07","09:00","11.2","","6.8","","74","","0.0","","36","","10","","","","89.30","","","","","","NA"
"-114.00","51.11","CALGARY INT'L CS","3031094","2023-09-07 10:00","2023","09","07","10:00","13.0","","7.0","","67","","0.0","","1","","9","","","","89.31","","","","","","NA"
"-114.00","51.11","CALGARY INT'L CS","3031094","2023-09-07 11:00","2023","09","07","11:00","14.4","","5.2","","54","","0.0","","7","","5","","","","89.32","","","","","","NA"
"-114.00","51.11","CALGARY INT'L CS","3031094","2023-09-07 12:00","2023","09","07","12:00","15.9","","5.9","","51","","0.0","","3","","6","","","","89.31","","","","","","NA"
"-114.00","51.11","CALGARY INT'L CS","3031094","2023-09-07 13:00","2023","09","07","13:00","16.7","","5.0","","46","","0.0","","6","","6","","","","89.29","","","","","","NA"
"-114.00","51.11","CALGARY INT'L CS","3031094","2023-09-07 14:00","2023","09","07","14:00","17.9","","4.6","","41","","0.0","","17","","9","","","","89.27","","","","","","NA"
"-114.00","51.11","CALGARY INT'L CS","3031094","2023-09-07 15:00","2023","09","07","15:00","18.4","","5.2","","42","","0.0","","16","","8","","","","89.24","","","","","","NA"
"-114.00","51.11","CALGARY INT'L CS","3031094","2023-09-07 16:00","2023","09","07","16:00","18.0","","5.1","","42","","0.0","","15","","12","","","","89.23","","","","","","NA"
"-114.00","51.11","CALGARY INT'L CS","3031094","2023-09-07 17:00","2023","09","07","17:00","18.0","","5.0","","42","","0.0","","14","","11","","","","89.24","","","","","","NA"
"-114.00","51.11","CALGARY INT'L CS","3031094","2023-09-07 18:00","2023","09","07","18:00","17.0","","5.3","","46","","0.0","","12","","13","","","","89.25","","","","","","NA"
"-114.00","51.11","CALGARY INT'L CS","3031094","2023-09-07 19:00","2023","09","07","19:00","15.8","","5.1","","49","","0.0","","11","","14","","","","89.26","","","","","","NA"
"-114.00","51.11","CALGARY INT'L CS","3031094","2023-09-07 20:00","2023","09","07","20:00","15.0","","4.9","","51","","0.0","","10","","15","","","","89.31","","","","","","NA"
"-114.00","51.11","CALGARY INT'L CS","3031094","2023-09-07 21:00","2023","09","07","21:00","14.3","","5.2","","54","","0.0","","13","","15","","","","89.35","","","","","","NA"
"-114.00","51.11","CALGARY INT'L CS","3031094","2023-09-07 22:00","2023","09","07","22:00","12.9","","5.0","","59","","0.0","","13","","10","","","","89.39","","","","","","NA"
"-114.00","51.11","CALGARY INT'L CS","3031094","2023-09-07 23:00","2023","09","07","23:00","12.6","","4.5","","58","","0.0","","13","","12","","","","89.40","","","","","","NA"
"-114.00","51.11","CALGARY INT'L CS","3031094","2023-09-08 00:00","2023","09","08","00:00","10.6","","4.0","","64","","0.0","","16","","8","","","","89.43","","","","","","NA"
"-114.00","51.11","CALGARY INT'L CS","3031094","2023-09-08 01:00","2023","09","08","01:00","9.7","","4.1","","68","","0.0","","3","","5","","","","89.46","","","","","","NA"
"-114.00","51.11","CALGARY INT'L CS","3031094","2023-09-08 02:00","2023","09","08","02:00","8.1","","4.6","","78","","0.0","","6","","9","","","","89.46","","","","","","NA"
"-114.00","51.11","CALGARY INT'L CS","3031094","2023-09-08 03:00","2023","09","08","03:00","9.2","","5.2","","76","","0.0","","5","","9","","","","89.47","","","","","","NA"
"-114.00","51.11","CALGARY INT'L CS","3031094","2023-09-08 04:00","2023","09","08","04:00","8.2","","4.5","","77","","0.0","","35","","5","","","","89.48","","","","","","NA"
"-114.00","51.11","CALGARY INT'L CS","3031094","2023-09-08 05:00","2023","09","08","05:00","7.4","","4.9","","84","","0.0","","33","","5","","","","89.51","","","","","","NA"
"-114.00","51.11","CALGARY INT'L CS","3031094","2023-09-08 06:00","2023","09","08","06:00","6.9","","4.9","","87","","0.0","","33","","10","","","","89.53","","","","","","NA"
"-114.00","51.11","CALGARY INT'L CS","3031094","2023-09-08 07:00","2023","09","08","07:00","7.7","","5.3","","85","","0.0","","34","","6","","","","89.56","","","","","","NA"
"-114.00","51.11","CALGARY INT'L CS","3031094","2023-09-08 08:00","2023","09","08","08:00","9.4","","5.2","","75","","0.0","","1","","8","","","","89.59","","","","","","NA"
"-114.00","51.11","CALGARY INT'L CS","3031094","2023-09-08 09:00","2023","09","08","09:00","10.1","","5.3","","72","","0.0","","33","","7","","","","89.64","","","","","","NA"
"-114.00","51.11","CALGARY INT'L CS","3031094","2023-09-08 10:00","2023","09","08","10:00","10.9","","5.3","","68","","0.0","","31","","5","","","","89.66","","","","","","NA"
"-114.00","51.11","CALGARY INT'L CS","3031094","2023-09-08 11:00","2023","09","08","11:00","12.4","","4.7","","59","","0.0","","34","","4","","","","89.67","","","","","","NA"
"-114.00","51.11","CALGARY INT'L CS","3031094","2023-09-08 12:00","2023","09","08","12:00","13.2","","5.8","","60","","0.0","","32","","8","","","","89.66","","","","","","NA"
"-114.00","51.11","CALGARY INT'L CS","3031094","2023-09-08 13:00","2023","09","08","13:00","14.4","","5.4","","55","","0.0","","35","","10","","","","89.67","","","","","","NA"
"-114.00","51.11","CALGARY INT'L CS","3031094","2023-09-08 14:00","2023","09","08","14:00","15.9","","4.9","","48","","0.0","","6","","7","","","","89.70","","","","","","NA"
"-114.00","51.11","CALGARY INT'L CS","3031094","2023-09-08 15:00","2023","09","08","15:00","16.4","","5.2","","47","","0.0","","10","","12","","","","89.72","","","","","","NA"
"-114.00","51.11","CALGARY INT'L CS","3031094","2023-09-08 16:00","2023","09","08","16:00","17.6","","4.6","","42","","0.0","","12","","9","","","","89.76","","","","","","NA"
"-114.00","51.11","CALGARY INT'L CS","3031094","2023-09-08 17:00","2023","09","08","17:00","18.1","","4.3","","40","","0.0","","13","","9","","","","89.81","","","","","","NA"
"-114.00","51.11","CALGARY INT'L CS","3031094","2023-09-08 18:00","2023","09","08","18:00","16.4","","4.9","","46","","0.0","","13","","11","","","","89.86","","","","","","NA"
"-114.00","51.11","CALGARY INT'L CS","3031094","2023-09-08 19:00","2023","09","08","19:00","13.0","","6.0","","63","","0.0","","14","","11","","","","89.90","","","","","","NA"
"-114.00","51.11","CALGARY INT'L CS","3031094","2023-09-08 20:00","2023","09","08","20:00","11.4","","6.7","","73","","0.0","","15","","10","","","","89.97","","","","","","NA"
"-114.00","51.11","CALGARY INT'L CS","3031094","2023-09-08 21:00","2023","09","08","21:00","10.9","","7.0","","77","","0.0","","16","","11","","","","90.01","","","","","","NA"
"-114.00","51.11","CALGARY INT'L CS","3031094","2023-09-08 22:00","2023","09","08","22:00","10.6","","7.0","","79","","0.0","","17","","7","","","","90.06","","","","","","NA"
"-114.00","51.11","CALGARY INT'L CS","3031094","2023-09-08 23:00","2023","09","08","23:00","11.1","","7.1","","76","","0.0","","19","","2","","","","90.07","","","","","","NA"
"-114.00","51.11","CALGARY INT'L CS","3031094","2023-09-09 00:00","2023","09","09","00:00","11.4","","6.9","","74","","0.0","","20","","5","","","","90.08","","","","","","NA"
"-114.00","51.11","CALGARY INT'L CS","3031094","2023-09-09 01:00","2023","09","09","01:00","9.5","","6.4","","81","","0.0","","27","","5","","","","90.08","","","","","","NA"
"-114.00","51.11","CALGARY INT'L CS","3031094","2023-09-09 02:00","2023","09","09","02:00","7.7","","5.9","","88","","0.0","","14","","6","","","","90.09","","","","","","NA"
"-114.00","51.11","CALGARY INT'L CS","3031094","2023-09-09 03:00","2023","09","09","03:00","7.5","","6.0","","90","","0.0","","20","","1","","","","90.11","","","","","","NA"
"-114.00","51.11","CALGARY INT'L CS","3031094","2023-09-09 04:00","2023","09","09","04:00","6.1","","4.6","","90","","0.0","","19","","5","","","","90.13","","","","","","NA"
"-114.00","51.11","CALGARY INT'L CS","3031094","2023-09-09 05:00","2023","09","09","05:00","6.3","","5.3","","93","","0.0","","25","","1","","","","90.18","","","","","","NA"
"-114.00","51.11","CALGARY INT'L CS","3031094","2023-09-09 06:00","2023","09","09","06:00","6.2","","4.9","","91","","0.0","","","","0","","","","90.21","","","","","","NA"
"-114.00","51.11","CALGARY INT'L CS","3031094","2023-09-09 07:00","2023","09","09","07:00","8.4","","7.0","","91","","0.0","","","","0","","","","90.25","","","","","","NA"
"-114.00","51.11","CALGARY INT'L CS","3031094","2023-09-09 08:00","2023","09","09","08:00","12.5","","7.4","","71","","0.0","","22","","4","","","","90.27","","","","","","NA"
"-114.00","51.11","CALGARY INT'L CS","3031094","2023-09-09 09:00","2023","09","09","09:00","14.5","","7.3","","62","","0.0","","24","","7","","","","90.28","","","","","","NA"
"-114.00","51.11","CALGARY INT'L CS","3031094","2023-09-09 10:00","2023","09","09","10:00","16.3","","6.9","","54","","0.0","","20","","14","","","","90.27","","","","","","NA"
"-114.00","51.11","CALGARY INT'L CS","3031094","2023-09-09 11:00","2023","09","09","11:00","17.6","","6.6","","48","","0.0","","17","","20","","","","90.26","","","","","","NA"
"-114.00","51.11","CALGARY INT'L CS","3031094","2023-09-09 12:00","2023","09","09","12:00","19.0","","5.1","","40","","0.0","","17","","20","","","","90.24","","","","","","NA"
"-114.00","51.11","CALGARY INT'L CS","3031094","2023-09-09 13:00","2023","09","09","13:00","20.3","","6.2","","40","","0.0","","17","","20","","","","90.23","","","","","","NA"
"-114.00","51.11","CALGARY INT'L CS","3031094","2023-09-09 14:00","2023","09","09","14:00","20.4","","4.2","","34","","0.0","","19","","22","","","","90.21","","","","","","NA"
"-114.00","51.11","CALGARY INT'L CS","3031094","2023-09-09 15:00","2023","09","09","15:00","20.8","","4.7","","35","","0.0","","16","","18","","","","90.17","","","","","","NA"
"-114.00","51.11","CALGARY INT'L CS","3031094","2023-09-09 16:00","2023","09","09","16:00","20.9","","4.0","","33","","0.0","","16","","18","","","","90.15","","","","","","NA"
"-114.00","51.11","CALGARY INT'L CS","3031094","2023-09-09 17:00","2023","09","09","17:00","20.5","","4.0","","34","","0.0","","16","","16","","","","90.14","","","","","","NA"
"-114.00","51.11","CALGARY INT'L CS","3031094","2023-09-09 18:00","2023","09","09","18:00","19.1","","3.7","","36","","0.0","","16","","20","","","","90.14","","","","","","NA"
"-114.00","51.11","CALGARY INT'L CS","3031094","2023-09-09 19:00","2023","09","09","19:00","16.7","","4.2","","43","","0.0","","16","","15","","","","90.15","","","","","","NA"
"-114.00","51.11","CALGARY INT'L CS","3031094","2023-09-09 20:00","2023","09","09","20:00","14.4","","4.9","","53","","0.0","","17","","13","","","","90.18","","","","","","NA"
"-114.00","51.11","CALGARY INT'L CS","3031094","2023-09-09 21:00","2023","09","09","21:00","12.4","","5.2","","61","","0.0","","16","","12","","","","90.19","","","","","","NA"
"-114.00","51.11","CALGARY INT'L CS","3031094","2023-09-09 22:00","2023","09","09","22:00","10.9","","5.4","","68","","0.0","","16","","12","","","","90.19","","","","","","NA"
"-114.00","51.11","CALGARY INT'L CS","3031094","2023-09-09 23:00","2023","09","09","23:00","9.4","","5.3","","75","","0.0","","16","","11","","","","90.17","","","","","","NA"
"-114.00","51.11","CALGARY INT'L CS","3031094","2023-09-10 00:00","2023","09","10","00:00","8.9","","5.2","","78","","0.0","","17","","10","","","","90.17","","","","","","NA"
"-114.00","51.11","CALGARY INT'L CS","3031094","2023-09-10 01:00","2023","09","10","01:00","9.0","","5.4","","78","","0.0","","17","","11","","","","90.15","","","","","","NA"
"-114.00","51.11","CALGARY INT'L CS","3031094","2023-09-10 02:00","2023","09","10","02:00","9.1","","5.4","","78","","0.0","","18","","13","","","","90.13","","","","","","NA"
"-114.00","51.11","CALGARY INT'L CS","3031094","2023-09-10 03:00","2023","09","10","03:00","8.0","","5.0","","82","","0.0","","17","","12","","","","90.11","","","","","","NA"
"-114.00","51.11","CALGARY INT'L CS","3031094","2023-09-10 04:00","2023","09","10","04:00","7.3","","4.6","","83","","0.0","","17","","12","","","","90.10","","","","","","NA"
"-114.00","51.11","CALGARY INT'L CS","3031094","2023-09-10 05:00","2023","09","10","05:00","6.3","","4.3","","87","","0.0","","17","","11","","","","90.08","","","","","","NA"
"-114.00","51.11","CALGARY INT'L CS","3031094","2023-09-10 06:00","2023","09","10","06:00","6.1","","4.4","","89","","0.0","","18","","7","","","","90.07","","","","","","NA"
"-114.00","51.11","CALGARY INT'L CS","3031094","2023-09-10 07:00","2023","09","10","07:00","7.7","","5.9","","89","","0.0","","19","","8","","","","90.06","","","","","","NA"
"-114.00","51.11","CALGARY INT'L CS","3031094","2023-09-10 08:00","2023","09","10","08:00","10.8","","6.1","","73","","0.0","","21","","11","","","","90.04","","","","","","NA"
"-114.00","51.11","CALGARY INT'L CS","3031094","2023-09-10 09:00","2023","09","10","09:00","13.4","","6.6","","63","","0.0","","20","","15","","","","90.03","","","","","","NA"
"-114.00","51.11","CALGARY INT'L CS","3031094","2023-09-10 10:00","2023","09","10","10:00","16.1","","7.3","","56","","0.0","","17","","20","","","","90.01","","","","","","NA"
"-114.00","51.11","CALGARY INT'L CS","3031094","2023-09-10 11:00","2023","09","10","11:00","18.4","","7.2","","48","","0.0","","17","","27","","","","89.97","","","","","","NA"
"-114.00","51.11","CALGARY INT'L CS","3031094","2023-09-10 12:00","2023","09","10","12:00","19.9","","5.9","","40","","0.0","","18","","26","","","","89.93","","","","","","NA"
"-114.00","51.11","CALGARY INT'L CS","3031094","2023-09-10 13:00","2023","09","10","13:00","20.8","","5.7","","37","","0.0","","17","","28","","","","89.89","","","","","","NA"
"-114.00","51.11","CALGARY INT'L CS","3031094","2023-09-10 14:00","2023","09","10","14:00","21.7","","3.0","","29","","0.0","","19","","24","","","","89.84","","","","","","NA"
"-114.00","51.11","CALGARY INT'L CS","3031094","2023-09-10 15:00","2023","09","10","15:00","21.7","","3.8","","31","","0.0","","15","","24","","","","89.79","","","","","","NA"
"-114.00","51.11","CALGARY INT'L CS","3031094","2023-09-10 16:00","2023","09","10","16:00","21.8","","4.3","","32","","0.0","","17","","25","","","","89.75","","","","","","NA"
"-114.00","51.11","CALGARY INT'L CS","3031094","2023-09-10 17:00","2023","09","10","17:00","21.2","","4.8","","34","","0.0","","17","","25","","","","89.72","","","","","","NA"
"-114.00","51.11","CALGARY INT'L CS","3031094","2023-09-10 18:00","2023","09","10","18:00","20.1","","3.6","","34","","0.0","","17","","26","","","","89.70","","","","","","NA"
"-114.00","51.11","CALGARY INT'L CS","3031094","2023-09-10 19:00","2023","09","10","19:00","18.0","","3.5","","38","","0.0","","16","","18","","","","89.69","","","","","","NA"
"-114.00","51.11","CALGARY INT'L CS","3031094","2023-09-10 20:00","2023","09","10","20:00","16.5","","3.2","","41","","0.0","","16","","19","","","","89.69","","","","","","NA"
"-114.00","51.11","CALGARY INT'L CS","3031094","2023-09-10 21:00","2023","09","10","21:00","15.2","","3.3","","45","","0.0","","17","","20","","","","89.68","","","","","","NA"
"-114.00","51.11","CALGARY INT'L CS","3031094","2023-09-10 22:00","2023","09","10","22:00","13.6","","3.0","","49","","0.0","","16","","17","","","","89.66","","","","","","NA"
"-114.00","51.11","CALGARY INT'L CS","3031094","2023-09-10 23:00","2023","09","10","23:00","11.9","","3.5","","56","","0.0","","17","","14","","","","89.62","","","","","","NA"
"-114.00","51.11","CALGARY INT'L CS","3031094","2023-09-11 00:00","2023","09","11","00:00","11.7","","3.5","","57","","0.0","","16","","15","","","","89.58","","","","","","NA"
"-114.00","51.11","CALGARY INT'L CS","3031094","2023-09-11 01:00","2023","09","11","01:00","11.0","","3.9","","62","","0.0","","17","","16","","","","89.55","","","","","","NA"
"-114.00","51.11","CALGARY INT'L CS","3031094","2023-09-11 02:00","2023","09","11","02:00","9.5","","4.5","","71","","0.0","","17","","13","","","","89.52","","","","","","NA"
"-114.00","51.11","CALGARY INT'L CS","3031094","2023-09-11 03:00","2023","09","11","03:00","7.6","","4.0","","78","","0.0","","16","","9","","","","89.52","","","","","","NA"
"-114.00","51.11","CALGARY INT'L CS","3031094","2023-09-11 04:00","2023","09","11","04:00","6.9","","4.0","","82","","0.0","","17","","9","","","","89.50","","","","","","NA"
"-114.00","51.11","CALGARY INT'L CS","3031094","2023-09-11 05:00","2023","09","11","05:00","7.1","","4.0","","81","","0.0","","22","","8","","","","89.49","","","","","","NA"
"-114.00","51.11","CALGARY INT'L CS","3031094","2023-09-11 06:00","2023","09","11","06:00","5.6","","3.3","","85","","0.0","","20","","8","","","","89.48","","","","","","NA"
"-114.00","51.11","CALGARY INT'L CS","3031094","2023-09-11 07:00","2023","09","11","07:00","7.7","","4.7","","81","","0.0","","21","","8","","","","89.47","","","","","","NA"
"-114.00","51.11","CALGARY INT'L CS","3031094","2023-09-11 08:00","2023","09","11","08:00","10.8","","4.7","","66","","0.0","","22","","7","","","","89.45","","","","","","NA"
"-114.00","51.11","CALGARY INT'L CS","3031094","2023-09-11 09:00","2023","09","11","09:00","14.2","","4.8","","53","","0.0","","20","","10","","","","89.42","","","","","","NA"
"-114.00","51.11","CALGARY INT'L CS","3031094","2023-09-11 10:00","2023","09","11","10:00","17.3","","5.0","","44","","0.0","","16","","7","","","","89.38","","","","","","NA"
"-114.00","51.11","CALGARY INT'L CS","3031094","2023-09-11 11:00","2023","09","11","11:00","19.5","","5.2","","39","","0.0","","15","","10","","","","89.35","","","","","","NA"
"-114.00","51.11","CALGARY INT'L CS","3031094","2023-09-11 12:00","2023","09","11","12:00","20.9","","5.9","","37","","0.0","","16","","13","","","","89.30","","","","","","NA"
"-114.00","51.11","CALGARY INT'L CS","3031094","2023-09-11 13:00","2023","09","11","13:00","22.5","","4.8","","31","","0.0","","16","","14","","","","89.27","","","","","","NA"
"-114.00","51.11","CALGARY INT'L CS","3031094","2023-09-11 14:00","2023","09","11","14:00","24.1","","2.3","","24","","0.0","","15","","11","","","","89.21","","","","","","NA"
"-114.00","51.11","CALGARY INT'L CS","3031094","2023-09-11 15:00","2023","09","11","15:00","24.0","","3.8","","27","","0.0","","15","","10","","","","89.16","","","","","","NA"
"-114.00","51.11","CALGARY INT'L CS","3031094","2023-09-11 16:00","2023","09","11","16:00","24.5","","3.2","","25","","0.0","","16","","11","","","","89.12","","","","","","NA"
"-114.00","51.11","CALGARY INT'L CS","3031094","2023-09-11 17:00","2023","09","11","17:00","24.1","","3.7","","26","","0.0","","15","","11","","","","89.07","","","","","","NA"
"-114.00","51.11","CALGARY INT'L CS","3031094","2023-09-11 18:00","2023","09","11","18:00","21.4","","6.0","","37","","0.0","","15","","9","","","","89.04","","","","","","NA"
"-114.00","51.11","CALGARY INT'L CS","3031094","2023-09-11 19:00","2023","09","11","19:00","19.4","","3.7","","35","","0.0","","16","","10","","","","89.00","","","","","","NA"
"-114.00","51.11","CALGARY INT'L CS","3031094","2023-09-11 20:00","2023","09","11","20:00","17.3","","4.3","","42","","0.0","","15","","11","","","","88.99","","","","","","NA"
"-114.00","51.11","CALGARY INT'L CS","3031094","2023-09-11 21:00","2023","09","11","21:00","17.6","","4.0","","41","","0.0","","17","","15","","","","88.96","","","","","","NA"
"-114.00","51.11","CALGARY INT'L CS","3031094","2023-09-11 22:00","2023","09","11","22:00","16.7","","3.2","","41","","0.0","","21","","10","","","","88.95","","","","","","NA"
"-114.00","51.11","CALGARY INT'L CS","3031094","2023-09-11 23:00","2023","09","11","23:00","16.7","","4.3","","44","","0.0","","24","","11","","","","88.93","","","","","","NA"
"-114.00","51.11","CALGARY INT'L CS","3031094","2023-09-12 00:00","2023","09","12","00:00"
"-114.00","51.11","CALGARY INT'L CS","3031094","2023-09-12 01:00","2023","09","12","01:00"
"-114.00","51.11","CALGARY INT'L CS","3031094","2023-09-12 02:00","2023","09","12","02:00"
"-114.00","51.11","CALGARY INT'L CS","3031094","2023-09-12 03:00","2023","09","12","03:00"
"-114.00","51.11","CALGARY INT'L CS","3031094","2023-09-12 04:00","2023","09","12","04:00"
"-114.00","51.11","CALGARY INT'L CS","3031094","2023-09-12 05:00","2023","09","12","05:00"
"-114.00","51.11","CALGARY INT'L CS","3031094","2023-09-12 06:00","2023","09","12","06:00"
"-114.00","51.11","CALGARY INT'L CS","3031094","2023-09-12 07:00","2023","09","12","07:00"
"-114.00","51.11","CALGARY INT'L CS","3031094","2023-09-12 08:00","2023","09","12","08:00"
"-114.00","51.11","CALGARY INT'L CS","3031094","2023-09-12 09:00","2023","09","12","09:00"
"-114.00","51.11","CALGARY INT'L CS","3031094","2023-09-12 10:00","2023","09","12","10:00"
"-114.00","51.11","CALGARY INT'L CS","3031094","2023-09-12 11:00","2023","09","12","11:00"
"-114.00","51.11","CALGARY INT'L CS","3031094","2023-09-12 12:00","2023","09","12","12:00"
"-114.00","51.11","CALGARY INT'L CS","3031094","2023-09-12 13:00","2023","09","12","13:00"
"-114.00","51.11","CALGARY INT'L CS","3031094","2023-09-12 14:00","2023","09","12","14:00"
"-114.00","51.11","CALGARY INT'L CS","3031094","2023-09-12 15:00","2023","09","12","15:00"
"-114.00","51.11","CALGARY INT'L CS","3031094","2023-09-12 16:00","2023","09","12","16:00"
"-114.00","51.11","CALGARY INT'L CS","3031094","2023-09-12 17:00","2023","09","12","17:00"
"-114.00","51.11","CALGARY INT'L CS","3031094","2023-09-12 18:00","2023","09","12","18:00"
"-114.00","51.11","CALGARY INT'L CS","3031094","2023-09-12 19:00","2023","09","12","19:00"
"-114.00","51.11","CALGARY INT'L CS","3031094","2023-09-12 20:00","2023","09","12","20:00"
"-114.00","51.11","CALGARY INT'L CS","3031094","2023-09-12 21:00","2023","09","12","21:00"
"-114.00","51.11","CALGARY INT'L CS","3031094","2023-09-12 22:00","2023","09","12","22:00"
"-114.00","51.11","CALGARY INT'L CS","3031094","2023-09-12 23:00","2023","09","12","23:00"
"-114.00","51.11","CALGARY INT'L CS","3031094","2023-09-13 00:00","2023","09","13","00:00"
"-114.00","51.11","CALGARY INT'L CS","3031094","2023-09-13 01:00","2023","09","13","01:00"
"-114.00","51.11","CALGARY INT'L CS","3031094","2023-09-13 02:00","2023","09","13","02:00"
"-114.00","51.11","CALGARY INT'L CS","3031094","2023-09-13 03:00","2023","09","13","03:00"
"-114.00","51.11","CALGARY INT'L CS","3031094","2023-09-13 04:00","2023","09","13","04:00"
"-114.00","51.11","CALGARY INT'L CS","3031094","2023-09-13 05:00","2023","09","13","05:00"
"-114.00","51.11","CALGARY INT'L CS","3031094","2023-09-13 06:00","2023","09","13","06:00"
"-114.00","51.11","CALGARY INT'L CS","3031094","2023-09-13 07:00","2023","09","13","07:00"
"-114.00","51.11","CALGARY INT'L CS","3031094","2023-09-13 08:00","2023","09","13","08:00"
"-114.00","51.11","CALGARY INT'L CS","3031094","2023-09-13 09:00","2023","09","13","09:00"
"-114.00","51.11","CALGARY INT'L CS","3031094","2023-09-13 10:00","2023","09","13","10:00"
"-114.00","51.11","CALGARY INT'L CS","3031094","2023-09-13 11:00","2023","09","13","11:00"
"-114.00","51.11","CALGARY INT'L CS","3031094","2023-09-13 12:00","2023","09","13","12:00"
"-114.00","51.11","CALGARY INT'L CS","3031094","2023-09-13 13:00","2023","09","13","13:00"
"-114.00","51.11","CALGARY INT'L CS","3031094","2023-09-13 14:00","2023","09","13","14:00"
"-114.00","51.11","CALGARY INT'L CS","3031094","2023-09-13 15:00","2023","09","13","15:00"
"-114.00","51.11","CALGARY INT'L CS","3031094","2023-09-13 16:00","2023","09","13","16:00"
"-114.00","51.11","CALGARY INT'L CS","3031094","2023-09-13 17:00","2023","09","13","17:00"
"-114.00","51.11","CALGARY INT'L CS","3031094","2023-09-13 18:00","2023","09","13","18:00"
"-114.00","51.11","CALGARY INT'L CS","3031094","2023-09-13 19:00","2023","09","13","19:00"
"-114.00","51.11","CALGARY INT'L CS","3031094","2023-09-13 20:00","2023","09","13","20:00"
"-114.00","51.11","CALGARY INT'L CS","3031094","2023-09-13 21:00","2023","09","13","21:00"
"-114.00","51.11","CALGARY INT'L CS","3031094","2023-09-13 22:00","2023","09","13","22:00"
"-114.00","51.11","CALGARY INT'L CS","3031094","2023-09-13 23:00","2023","09","13","23:00"
"-114.00","51.11","CALGARY INT'L CS","3031094","2023-09-14 00:00","2023","09","14","00:00"
"-114.00","51.11","CALGARY INT'L CS","3031094","2023-09-14 01:00","2023","09","14","01:00"
"-114.00","51.11","CALGARY INT'L CS","3031094","2023-09-14 02:00","2023","09","14","02:00"
"-114.00","51.11","CALGARY INT'L CS","3031094","2023-09-14 03:00","2023","09","14","03:00"
"-114.00","51.11","CALGARY INT'L CS","3031094","2023-09-14 04:00","2023","09","14","04:00"
"-114.00","51.11","CALGARY INT'L CS","3031094","2023-09-14 05:00","2023","09","14","05:00"
"-114.00","51.11","CALGARY INT'L CS","3031094","2023-09-14 06:00","2023","09","14","06:00"
"-114.00","51.11","CALGARY INT'L CS","3031094","2023-09-14 07:00","2023","09","14","07:00"
"-114.00","51.11","CALGARY INT'L CS","3031094","2023-09-14 08:00","2023","09","14","08:00"
"-114.00","51.11","CALGARY INT'L CS","3031094","2023-09-14 09:00","2023","09","14","09:00"
"-114.00","51.11","CALGARY INT'L CS","3031094","2023-09-14 10:00","2023","09","14","10:00"
"-114.00","51.11","CALGARY INT'L CS","3031094","2023-09-14 11:00","2023","09","14","11:00"
"-114.00","51.11","CALGARY INT'L CS","3031094","2023-09-14 12:00","2023","09","14","12:00"
"-114.00","51.11","CALGARY INT'L CS","3031094","2023-09-14 13:00","2023","09","14","13:00"
"-114.00","51.11","CALGARY INT'L CS","3031094","2023-09-14 14:00","2023","09","14","14:00"
"-114.00","51.11","CALGARY INT'L CS","3031094","2023-09-14 15:00","2023","09","14","15:00"
"-114.00","51.11","CALGARY INT'L CS","3031094","2023-09-14 16:00","2023","09","14","16:00"
"-114.00","51.11","CALGARY INT'L CS","3031094","2023-09-14 17:00","2023","09","14","17:00"
"-114.00","51.11","CALGARY INT'L CS","3031094","2023-09-14 18:00","2023","09","14","18:00"
"-114.00","51.11","CALGARY INT'L CS","3031094","2023-09-14 19:00","2023","09","14","19:00"
"-114.00","51.11","CALGARY INT'L CS","3031094","2023-09-14 20:00","2023","09","14","20:00"
"-114.00","51.11","CALGARY INT'L CS","3031094","2023-09-14 21:00","2023","09","14","21:00"
"-114.00","51.11","CALGARY INT'L CS","3031094","2023-09-14 22:00","2023","09","14","22:00"
"-114.00","51.11","CALGARY INT'L CS","3031094","2023-09-14 23:00","2023","09","14","23:00"
"-114.00","51.11","CALGARY INT'L CS","3031094","2023-09-15 00:00","2023","09","15","00:00"
"-114.00","51.11","CALGARY INT'L CS","3031094","2023-09-15 01:00","2023","09","15","01:00"
"-114.00","51.11","CALGARY INT'L CS","3031094","2023-09-15 02:00","2023","09","15","02:00"
"-114.00","51.11","CALGARY INT'L CS","3031094","2023-09-15 03:00","2023","09","15","03:00"
"-114.00","51.11","CALGARY INT'L CS","3031094","2023-09-15 04:00","2023","09","15","04:00"
"-114.00","51.11","CALGARY INT'L CS","3031094","2023-09-15 05:00","2023","09","15","05:00"
"-114.00","51.11","CALGARY INT'L CS","3031094","2023-09-15 06:00","2023","09","15","06:00"
"-114.00","51.11","CALGARY INT'L CS","3031094","2023-09-15 07:00","2023","09","15","07:00"
"-114.00","51.11","CALGARY INT'L CS","3031094","2023-09-15 08:00","2023","09","15","08:00"
"-114.00","51.11","CALGARY INT'L CS","3031094","2023-09-15 09:00","2023","09","15","09:00"
"-114.00","51.11","CALGARY INT'L CS","3031094","2023-09-15 10:00","2023","09","15","10:00"
"-114.00","51.11","CALGARY INT'L CS","3031094","2023-09-15 11:00","2023","09","15","11:00"
"-114.00","51.11","CALGARY INT'L CS","3031094","2023-09-15 12:00","2023","09","15","12:00"
"-114.00","51.11","CALGARY INT'L CS","3031094","2023-09-15 13:00","2023","09","15","13:00"
"-114.00","51.11","CALGARY INT'L CS","3031094","2023-09-15 14:00","2023","09","15","14:00"
"-114.00","51.11","CALGARY INT'L CS","3031094","2023-09-15 15:00","2023","09","15","15:00"
"-114.00","51.11","CALGARY INT'L CS","3031094","2023-09-15 16:00","2023","09","15","16:00"
"-114.00","51.11","CALGARY INT'L CS","3031094","2023-09-15 17:00","2023","09","15","17:00"
"-114.00","51.11","CALGARY INT'L CS","3031094","2023-09-15 18:00","2023","09","15","18:00"
"-114.00","51.11","CALGARY INT'L CS","3031094","2023-09-15 19:00","2023","09","15","19:00"
"-114.00","51.11","CALGARY INT'L CS","3031094","2023-09-15 20:00","2023","09","15","20:00"
"-114.00","51.11","CALGARY INT'L CS","3031094","2023-09-15 21:00","2023","09","15","21:00"
"-114.00","51.11","CALGARY INT'L CS","3031094","2023-09-15 22:00","2023","09","15","22:00"
"-114.00","51.11","CALGARY INT'L CS","3031094","2023-09-15 23:00","2023","09","15","23:00"
"-114.00","51.11","CALGARY INT'L CS","3031094","2023-09-16 00:00","2023","09","16","00:00"
"-114.00","51.11","CALGARY INT'L CS","3031094","2023-09-16 01:00","2023","09","16","01:00"
"-114.00","51.11","CALGARY INT'L CS","3031094","2023-09-16 02:00","2023","09","16","02:00"
"-114.00","51.11","CALGARY INT'L CS","3031094","2023-09-16 03:00","2023","09","16","03:00"
"-114.00","51.11","CALGARY INT'L CS","3031094","2023-09-16 04:00","2023","09","16","04:00"
"-114.00","51.11","CALGARY INT'L CS","3031094","2023-09-16 05:00","2023","09","16","05:00"
"-114.00","51.11","CALGARY INT'L CS","3031094","2023-09-16 06:00","2023","09","16","06:00"
"-114.00","51.11","CALGARY INT'L CS","3031094","2023-09-16 07:00","2023","09","16","07:00"
"-114.00","51.11","CALGARY INT'L CS","3031094","2023-09-16 08:00","2023","09","16","08:00"
"-114.00","51.11","CALGARY INT'L CS","3031094","2023-09-16 09:00","2023","09","16","09:00"
"-114.00","51.11","CALGARY INT'L CS","3031094","2023-09-16 10:00","2023","09","16","10:00"
"-114.00","51.11","CALGARY INT'L CS","3031094","2023-09-16 11:00","2023","09","16","11:00"
"-114.00","51.11","CALGARY INT'L CS","3031094","2023-09-16 12:00","2023","09","16","12:00"
"-114.00","51.11","CALGARY INT'L CS","3031094","2023-09-16 13:00","2023","09","16","13:00"
"-114.00","51.11","CALGARY INT'L CS","3031094","2023-09-16 14:00","2023","09","16","14:00"
"-114.00","51.11","CALGARY INT'L CS","3031094","2023-09-16 15:00","2023","09","16","15:00"
"-114.00","51.11","CALGARY INT'L CS","3031094","2023-09-16 16:00","2023","09","16","16:00"
"-114.00","51.11","CALGARY INT'L CS","3031094","2023-09-16 17:00","2023","09","16","17:00"
"-114.00","51.11","CALGARY INT'L CS","3031094","2023-09-16 18:00","2023","09","16","18:00"
"-114.00","51.11","CALGARY INT'L CS","3031094","2023-09-16 19:00","2023","09","16","19:00"
"-114.00","51.11","CALGARY INT'L CS","3031094","2023-09-16 20:00","2023","09","16","20:00"
"-114.00","51.11","CALGARY INT'L CS","3031094","2023-09-16 21:00","2023","09","16","21:00"
"-114.00","51.11","CALGARY INT'L CS","3031094","2023-09-16 22:00","2023","09","16","22:00"
"-114.00","51.11","CALGARY INT'L CS","3031094","2023-09-16 23:00","2023","09","16","23:00"
"-114.00","51.11","CALGARY INT'L CS","3031094","2023-09-17 00:00","2023","09","17","00:00"
"-114.00","51.11","CALGARY INT'L CS","3031094","2023-09-17 01:00","2023","09","17","01:00"
"-114.00","51.11","CALGARY INT'L CS","3031094","2023-09-17 02:00","2023","09","17","02:00"
"-114.00","51.11","CALGARY INT'L CS","3031094","2023-09-17 03:00","2023","09","17","03:00"
"-114.00","51.11","CALGARY INT'L CS","3031094","2023-09-17 04:00","2023","09","17","04:00"
"-114.00","51.11","CALGARY INT'L CS","3031094","2023-09-17 05:00","2023","09","17","05:00"
"-114.00","51.11","CALGARY INT'L CS","3031094","2023-09-17 06:00","2023","09","17","06:00"
"-114.00","51.11","CALGARY INT'L CS","3031094","2023-09-17 07:00","2023","09","17","07:00"
"-114.00","51.11","CALGARY INT'L CS","3031094","2023-09-17 08:00","2023","09","17","08:00"
"-114.00","51.11","CALGARY INT'L CS","3031094","2023-09-17 09:00","2023","09","17","09:00"
"-114.00","51.11","CALGARY INT'L CS","3031094","2023-09-17 10:00","2023","09","17","10:00"
"-114.00","51.11","CALGARY INT'L CS","3031094","2023-09-17 11:00","2023","09","17","11:00"
"-114.00","51.11","CALGARY INT'L CS","3031094","2023-09-17 12:00","2023","09","17","12:00"
"-114.00","51.11","CALGARY INT'L CS","3031094","2023-09-17 13:00","2023","09","17","13:00"
"-114.00","51.11","CALGARY INT'L CS","3031094","2023-09-17 14:00","2023","09","17","14:00"
"-114.00","51.11","CALGARY INT'L CS","3031094","2023-09-17 15:00","2023","09","17","15:00"
"-114.00","51.11","CALGARY INT'L CS","3031094","2023-09-17 16:00","2023","09","17","16:00"
"-114.00","51.11","CALGARY INT'L CS","3031094","2023-09-17 17:00","2023","09","17","17:00"
"-114.00","51.11","CALGARY INT'L CS","3031094","2023-09-17 18:00","2023","09","17","18:00"
"-114.00","51.11","CALGARY INT'L CS","3031094","2023-09-17 19:00","2023","09","17","19:00"
"-114.00","51.11","CALGARY INT'L CS","3031094","2023-09-17 20:00","2023","09","17","20:00"
"-114.00","51.11","CALGARY INT'L CS","3031094","2023-09-17 21:00","2023","09","17","21:00"
"-114.00","51.11","CALGARY INT'L CS","3031094","2023-09-17 22:00","2023","09","17","22:00"
"-114.00","51.11","CALGARY INT'L CS","3031094","2023-09-17 23:00","2023","09","17","23:00"
"-114.00","51.11","CALGARY INT'L CS","3031094","2023-09-18 00:00","2023","09","18","00:00"
"-114.00","51.11","CALGARY INT'L CS","3031094","2023-09-18 01:00","2023","09","18","01:00"
"-114.00","51.11","CALGARY INT'L CS","3031094","2023-09-18 02:00","2023","09","18","02:00"
"-114.00","51.11","CALGARY INT'L CS","3031094","2023-09-18 03:00","2023","09","18","03:00"
"-114.00","51.11","CALGARY INT'L CS","3031094","2023-09-18 04:00","2023","09","18","04:00"
"-114.00","51.11","CALGARY INT'L CS","3031094","2023-09-18 05:00","2023","09","18","05:00"
"-114.00","51.11","CALGARY INT'L CS","3031094","2023-09-18 06:00","2023","09","18","06:00"
"-114.00","51.11","CALGARY INT'L CS","3031094","2023-09-18 07:00","2023","09","18","07:00"
"-114.00","51.11","CALGARY INT'L CS","3031094","2023-09-18 08:00","2023","09","18","08:00"
"-114.00","51.11","CALGARY INT'L CS","3031094","2023-09-18 09:00","2023","09","18","09:00"
"-114.00","51.11","CALGARY INT'L CS","3031094","2023-09-18 10:00","2023","09","18","10:00"
"-114.00","51.11","CALGARY INT'L CS","3031094","2023-09-18 11:00","2023","09","18","11:00"
"-114.00","51.11","CALGARY INT'L CS","3031094","2023-09-18 12:00","2023","09","18","12:00"
"-114.00","51.11","CALGARY INT'L CS","3031094","2023-09-18 13:00","2023","09","18","13:00"
"-114.00","51.11","CALGARY INT'L CS","3031094","2023-09-18 14:00","2023","09","18","14:00"
"-114.00","51.11","CALGARY INT'L CS","3031094","2023-09-18 15:00","2023","09","18","15:00"
"-114.00","51.11","CALGARY INT'L CS","3031094","2023-09-18 16:00","2023","09","18","16:00"
"-114.00","51.11","CALGARY INT'L CS","3031094","2023-09-18 17:00","2023","09","18","17:00"
"-114.00","51.11","CALGARY INT'L CS","3031094","2023-09-18 18:00","2023","09","18","18:00"
"-114.00","51.11","CALGARY INT'L CS","3031094","2023-09-18 19:00","2023","09","18","19:00"
"-114.00","51.11","CALGARY INT'L CS","3031094","2023-09-18 20:00","2023","09","18","20:00"
"-114.00","51.11","CALGARY INT'L CS","3031094","2023-09-18 21:00","2023","09","18","21:00"
"-114.00","51.11","CALGARY INT'L CS","3031094","2023-09-18 22:00","2023","09","18","22:00"
"-114.00","51.11","CALGARY INT'L CS","3031094","2023-09-18 23:00","2023","09","18","23:00"
"-114.00","51.11","CALGARY INT'L CS","3031094","2023-09-19 00:00","2023","09","19","00:00"
"-114.00","51.11","CALGARY INT'L CS","3031094","2023-09-19 01:00","2023","09","19","01:00"
"-114.00","51.11","CALGARY INT'L CS","3031094","2023-09-19 02:00","2023","09","19","02:00"
"-114.00","51.11","CALGARY INT'L CS","3031094","2023-09-19 03:00","2023","09","19","03:00"
"-114.00","51.11","CALGARY INT'L CS","3031094","2023-09-19 04:00","2023","09","19","04:00"
"-114.00","51.11","CALGARY INT'L CS","3031094","2023-09-19 05:00","2023","09","19","05:00"
"-114.00","51.11","CALGARY INT'L CS","3031094","2023-09-19 06:00","2023","09","19","06:00"
"-114.00","51.11","CALGARY INT'L CS","3031094","2023-09-19 07:00","2023","09","19","07:00"
"-114.00","51.11","CALGARY INT'L CS","3031094","2023-09-19 08:00","2023","09","19","08:00"
"-114.00","51.11","CALGARY INT'L CS","3031094","2023-09-19 09:00","2023","09","19","09:00"
"-114.00","51.11","CALGARY INT'L CS","3031094","2023-09-19 10:00","2023","09","19","10:00"
"-114.00","51.11","CALGARY INT'L CS","3031094","2023-09-19 11:00","2023","09","19","11:00"
"-114.00","51.11","CALGARY INT'L CS","3031094","2023-09-19 12:00","2023","09","19","12:00"
"-114.00","51.11","CALGARY INT'L CS","3031094","2023-09-19 13:00","2023","09","19","13:00"
"-114.00","51.11","CALGARY INT'L CS","3031094","2023-09-19 14:00","2023","09","19","14:00"
"-114.00","51.11","CALGARY INT'L CS","3031094","2023-09-19 15:00","2023","09","19","15:00"
"-114.00","51.11","CALGARY INT'L CS","3031094","2023-09-19 16:00","2023","09","19","16:00"
"-114.00","51.11","CALGARY INT'L CS","3031094","2023-09-19 17:00","2023","09","19","17:00"
"-114.00","51.11","CALGARY INT'L CS","3031094","2023-09-19 18:00","2023","09","19","18:00"
"-114.00","51.11","CALGARY INT'L CS","3031094","2023-09-19 19:00","2023","09","19","19:00"
"-114.00","51.11","CALGARY INT'L CS","3031094","2023-09-19 20:00","2023","09","19","20:00"
"-114.00","51.11","CALGARY INT'L CS","3031094","2023-09-19 21:00","2023","09","19","21:00"
"-114.00","51.11","CALGARY INT'L CS","3031094","2023-09-19 22:00","2023","09","19","22:00"
"-114.00","51.11","CALGARY INT'L CS","3031094","2023-09-19 23:00","2023","09","19","23:00"
"-114.00","51.11","CALGARY INT'L CS","3031094","2023-09-20 00:00","2023","09","20","00:00"
"-114.00","51.11","CALGARY INT'L CS","3031094","2023-09-20 01:00","2023","09","20","01:00"
"-114.00","51.11","CALGARY INT'L CS","3031094","2023-09-20 02:00","2023","09","20","02:00"
"-114.00","51.11","CALGARY INT'L CS","3031094","2023-09-20 03:00","2023","09","20","03:00"
"-114.00","51.11","CALGARY INT'L CS","3031094","2023-09-20 04:00","2023","09","20","04:00"
"-114.00","51.11","CALGARY INT'L CS","3031094","2023-09-20 05:00","2023","09","20","05:00"
"-114.00","51.11","CALGARY INT'L CS","3031094","2023-09-20 06:00","2023","09","20","06:00"
"-114.00","51.11","CALGARY INT'L CS","3031094","2023-09-20 07:00","2023","09","20","07:00"
"-114.00","51.11","CALGARY INT'L CS","3031094","2023-09-20 08:00","2023","09","20","08:00"
"-114.00","51.11","CALGARY INT'L CS","3031094","2023-09-20 09:00","2023","09","20","09:00"
"-114.00","51.11","CALGARY INT'L CS","3031094","2023-09-20 10:00","2023","09","20","10:00"
"-114.00","51.11","CALGARY INT'L CS","3031094","2023-09-20 11:00","2023","09","20","11:00"
"-114.00","51.11","CALGARY INT'L CS","3031094","2023-09-20 12:00","2023","09","20","12:00"
"-114.00","51.11","CALGARY INT'L CS","3031094","2023-09-20 13:00","2023","09","20","13:00"
"-114.00","51.11","CALGARY INT'L CS","3031094","2023-09-20 14:00","2023","09","20","14:00"
"-114.00","51.11","CALGARY INT'L CS","3031094","2023-09-20 15:00","2023","09","20","15:00"
"-114.00","51.11","CALGARY INT'L CS","3031094","2023-09-20 16:00","2023","09","20","16:00"
"-114.00","51.11","CALGARY INT'L CS","3031094","2023-09-20 17:00","2023","09","20","17:00"
"-114.00","51.11","CALGARY INT'L CS","3031094","2023-09-20 18:00","2023","09","20","18:00"
"-114.00","51.11","CALGARY INT'L CS","3031094","2023-09-20 19:00","2023","09","20","19:00"
"-114.00","51.11","CALGARY INT'L CS","3031094","2023-09-20 20:00","2023","09","20","20:00"
"-114.00","51.11","CALGARY INT'L CS","3031094","2023-09-20 21:00","2023","09","20","21:00"
"-114.00","51.11","CALGARY INT'L CS","3031094","2023-09-20 22:00","2023","09","20","22:00"
"-114.00","51.11","CALGARY INT'L CS","3031094","2023-09-20 23:00","2023","09","20","23:00"
"-114.00","51.11","CALGARY INT'L CS","3031094","2023-09-21 00:00","2023","09","21","00:00"
"-114.00","51.11","CALGARY INT'L CS","3031094","2023-09-21 01:00","2023","09","21","01:00"
"-114.00","51.11","CALGARY INT'L CS","3031094","2023-09-21 02:00","2023","09","21","02:00"
"-114.00","51.11","CALGARY INT'L CS","3031094","2023-09-21 03:00","2023","09","21","03:00"
"-114.00","51.11","CALGARY INT'L CS","3031094","2023-09-21 04:00","2023","09","21","04:00"
"-114.00","51.11","CALGARY INT'L CS","3031094","2023-09-21 05:00","2023","09","21","05:00"
"-114.00","51.11","CALGARY INT'L CS","3031094","2023-09-21 06:00","2023","09","21","06:00"
"-114.00","51.11","CALGARY INT'L CS","3031094","2023-09-21 07:00","2023","09","21","07:00"
"-114.00","51.11","CALGARY INT'L CS","3031094","2023-09-21 08:00","2023","09","21","08:00"
"-114.00","51.11","CALGARY INT'L CS","3031094","2023-09-21 09:00","2023","09","21","09:00"
"-114.00","51.11","CALGARY INT'L CS","3031094","2023-09-21 10:00","2023","09","21","10:00"
"-114.00","51.11","CALGARY INT'L CS","3031094","2023-09-21 11:00","2023","09","21","11:00"
"-114.00","51.11","CALGARY INT'L CS","3031094","2023-09-21 12:00","2023","09","21","12:00"
"-114.00","51.11","CALGARY INT'L CS","3031094","2023-09-21 13:00","2023","09","21","13:00"
"-114.00","51.11","CALGARY INT'L CS","3031094","2023-09-21 14:00","2023","09","21","14:00"
"-114.00","51.11","CALGARY INT'L CS","3031094","2023-09-21 15:00","2023","09","21","15:00"
"-114.00","51.11","CALGARY INT'L CS","3031094","2023-09-21 16:00","2023","09","21","16:00"
"-114.00","51.11","CALGARY INT'L CS","3031094","2023-09-21 17:00","2023","09","21","17:00"
"-114.00","51.11","CALGARY INT'L CS","3031094","2023-09-21 18:00","2023","09","21","18:00"
"-114.00","51.11","CALGARY INT'L CS","3031094","2023-09-21 19:00","2023","09","21","19:00"
"-114.00","51.11","CALGARY INT'L CS","3031094","2023-09-21 20:00","2023","09","21","20:00"
"-114.00","51.11","CALGARY INT'L CS","3031094","2023-09-21 21:00","2023","09","21","21:00"
"-114.00","51.11","CALGARY INT'L CS","3031094","2023-09-21 22:00","2023","09","21","22:00"
"-114.00","51.11","CALGARY INT'L CS","3031094","2023-09-21 23:00","2023","09","21","23:00"
"-114.00","51.11","CALGARY INT'L CS","3031094","2023-09-22 00:00","2023","09","22","00:00"
"-114.00","51.11","CALGARY INT'L CS","3031094","2023-09-22 01:00","2023","09","22","01:00"
"-114.00","51.11","CALGARY INT'L CS","3031094","2023-09-22 02:00","2023","09","22","02:00"
"-114.00","51.11","CALGARY INT'L CS","3031094","2023-09-22 03:00","2023","09","22","03:00"
"-114.00","51.11","CALGARY INT'L CS","3031094","2023-09-22 04:00","2023","09","22","04:00"
"-114.00","51.11","CALGARY INT'L CS","3031094","2023-09-22 05:00","2023","09","22","05:00"
"-114.00","51.11","CALGARY INT'L CS","3031094","2023-09-22 06:00","2023","09","22","06:00"
"-114.00","51.11","CALGARY INT'L CS","3031094","2023-09-22 07:00","2023","09","22","07:00"
"-114.00","51.11","CALGARY INT'L CS","3031094","2023-09-22 08:00","2023","09","22","08:00"
"-114.00","51.11","CALGARY INT'L CS","3031094","2023-09-22 09:00","2023","09","22","09:00"
"-114.00","51.11","CALGARY INT'L CS","3031094","2023-09-22 10:00","2023","09","22","10:00"
"-114.00","51.11","CALGARY INT'L CS","3031094","2023-09-22 11:00","2023","09","22","11:00"
"-114.00","51.11","CALGARY INT'L CS","3031094","2023-09-22 12:00","2023","09","22","12:00"
"-114.00","51.11","CALGARY INT'L CS","3031094","2023-09-22 13:00","2023","09","22","13:00"
"-114.00","51.11","CALGARY INT'L CS","3031094","2023-09-22 14:00","2023","09","22","14:00"
"-114.00","51.11","CALGARY INT'L CS","3031094","2023-09-22 15:00","2023","09","22","15:00"
"-114.00","51.11","CALGARY INT'L CS","3031094","2023-09-22 16:00","2023","09","22","16:00"
"-114.00","51.11","CALGARY INT'L CS","3031094","2023-09-22 17:00","2023","09","22","17:00"
"-114.00","51.11","CALGARY INT'L CS","3031094","2023-09-22 18:00","2023","09","22","18:00"
"-114.00","51.11","CALGARY INT'L CS","3031094","2023-09-22 19:00","2023","09","22","19:00"
"-114.00","51.11","CALGARY INT'L CS","3031094","2023-09-22 20:00","2023","09","22","20:00"
"-114.00","51.11","CALGARY INT'L CS","3031094","2023-09-22 21:00","2023","09","22","21:00"
"-114.00","51.11","CALGARY INT'L CS","3031094","2023-09-22 22:00","2023","09","22","22:00"
"-114.00","51.11","CALGARY INT'L CS","3031094","2023-09-22 23:00","2023","09","22","23:00"
"-114.00","51.11","CALGARY INT'L CS","3031094","2023-09-23 00:00","2023","09","23","00:00"
"-114.00","51.11","CALGARY INT'L CS","3031094","2023-09-23 01:00","2023","09","23","01:00"
"-114.00","51.11","CALGARY INT'L CS","3031094","2023-09-23 02:00","2023","09","23","02:00"
"-114.00","51.11","CALGARY INT'L CS","3031094","2023-09-23 03:00","2023","09","23","03:00"
"-114.00","51.11","CALGARY INT'L CS","3031094","2023-09-23 04:00","2023","09","23","04:00"
"-114.00","51.11","CALGARY INT'L CS","3031094","2023-09-23 05:00","2023","09","23","05:00"
"-114.00","51.11","CALGARY INT'L CS","3031094","2023-09-23 06:00","2023","09","23","06:00"
"-114.00","51.11","CALGARY INT'L CS","3031094","2023-09-23 07:00","2023","09","23","07:00"
"-114.00","51.11","CALGARY INT'L CS","3031094","2023-09-23 08:00","2023","09","23","08:00"
"-114.00","51.11","CALGARY INT'L CS","3031094","2023-09-23 09:00","2023","09","23","09:00"
"-114.00","51.11","CALGARY INT'L CS","3031094","2023-09-23 10:00","2023","09","23","10:00"
"-114.00","51.11","CALGARY INT'L CS","3031094","2023-09-23 11:00","2023","09","23","11:00"
"-114.00","51.11","CALGARY INT'L CS","3031094","2023-09-23 12:00","2023","09","23","12:00"
"-114.00","51.11","CALGARY INT'L CS","3031094","2023-09-23 13:00","2023","09","23","13:00"
"-114.00","51.11","CALGARY INT'L CS","3031094","2023-09-23 14:00","2023","09","23","14:00"
"-114.00","51.11","CALGARY INT'L CS","3031094","2023-09-23 15:00","2023","09","23","15:00"
"-114.00","51.11","CALGARY INT'L CS","3031094","2023-09-23 16:00","2023","09","23","16:00"
"-114.00","51.11","CALGARY INT'L CS","3031094","2023-09-23 17:00","2023","09","23","17:00"
"-114.00","51.11","CALGARY INT'L CS","3031094","2023-09-23 18:00","2023","09","23","18:00"
"-114.00","51.11","CALGARY INT'L CS","3031094","2023-09-23 19:00","2023","09","23","19:00"
"-114.00","51.11","CALGARY INT'L CS","3031094","2023-09-23 20:00","2023","09","23","20:00"
"-114.00","51.11","CALGARY INT'L CS","3031094","2023-09-23 21:00","2023","09","23","21:00"
"-114.00","51.11","CALGARY INT'L CS","3031094","2023-09-23 22:00","2023","09","23","22:00"
"-114.00","51.11","CALGARY INT'L CS","3031094","2023-09-23 23:00","2023","09","23","23:00"
"-114.00","51.11","CALGARY INT'L CS","3031094","2023-09-24 00:00","2023","09","24","00:00"
"-114.00","51.11","CALGARY INT'L CS","3031094","2023-09-24 01:00","2023","09","24","01:00"
"-114.00","51.11","CALGARY INT'L CS","3031094","2023-09-24 02:00","2023","09","24","02:00"
"-114.00","51.11","CALGARY INT'L CS","3031094","2023-09-24 03:00","2023","09","24","03:00"
"-114.00","51.11","CALGARY INT'L CS","3031094","2023-09-24 04:00","2023","09","24","04:00"
"-114.00","51.11","CALGARY INT'L CS","3031094","2023-09-24 05:00","2023","09","24","05:00"
"-114.00","51.11","CALGARY INT'L CS","3031094","2023-09-24 06:00","2023","09","24","06:00"
"-114.00","51.11","CALGARY INT'L CS","3031094","2023-09-24 07:00","2023","09","24","07:00"
"-114.00","51.11","CALGARY INT'L CS","3031094","2023-09-24 08:00","2023","09","24","08:00"
"-114.00","51.11","CALGARY INT'L CS","3031094","2023-09-24 09:00","2023","09","24","09:00"
"-114.00","51.11","CALGARY INT'L CS","3031094","2023-09-24 10:00","2023","09","24","10:00"
"-114.00","51.11","CALGARY INT'L CS","3031094","2023-09-24 11:00","2023","09","24","11:00"
"-114.00","51.11","CALGARY INT'L CS","3031094","2023-09-24 12:00","2023","09","24","12:00"
"-114.00","51.11","CALGARY INT'L CS","3031094","2023-09-24 13:00","2023","09","24","13:00"
"-114.00","51.11","CALGARY INT'L CS","3031094","2023-09-24 14:00","2023","09","24","14:00"
"-114.00","51.11","CALGARY INT'L CS","3031094","2023-09-24 15:00","2023","09","24","15:00"
"-114.00","51.11","CALGARY INT'L CS","3031094","2023-09-24 16:00","2023","09","24","16:00"
"-114.00","51.11","CALGARY INT'L CS","3031094","2023-09-24 17:00","2023","09","24","17:00"
"-114.00","51.11","CALGARY INT'L CS","3031094","2023-09-24 18:00","2023","09","24","18:00"
"-114.00","51.11","CALGARY INT'L CS","3031094","2023-09-24 19:00","2023","09","24","19:00"
"-114.00","51.11","CALGARY INT'L CS","3031094","2023-09-24 20:00","2023","09","24","20:00"
"-114.00","51.11","CALGARY INT'L CS","3031094","2023-09-24 21:00","2023","09","24","21:00"
"-114.00","51.11","CALGARY INT'L CS","3031094","2023-09-24 22:00","2023","09","24","22:00"
"-114.00","51.11","CALGARY INT'L CS","3031094","2023-09-24 23:00","2023","09","24","23:00"
"-114.00","51.11","CALGARY INT'L CS","3031094","2023-09-25 00:00","2023","09","25","00:00"
"-114.00","51.11","CALGARY INT'L CS","3031094","2023-09-25 01:00","2023","09","25","01:00"
"-114.00","51.11","CALGARY INT'L CS","3031094","2023-09-25 02:00","2023","09","25","02:00"
"-114.00","51.11","CALGARY INT'L CS","3031094","2023-09-25 03:00","2023","09","25","03:00"
"-114.00","51.11","CALGARY INT'L CS","3031094","2023-09-25 04:00","2023","09","25","04:00"
"-114.00","51.11","CALGARY INT'L CS","3031094","2023-09-25 05:00","2023","09","25","05:00"
"-114.00","51.11","CALGARY INT'L CS","3031094","2023-09-25 06:00","2023","09","25","06:00"
"-114.00","51.11","CALGARY INT'L CS","3031094","2023-09-25 07:00","2023","09","25","07:00"
"-114.00","51.11","CALGARY INT'L CS","3031094","2023-09-25 08:00","2023","09","25","08:00"
"-114.00","51.11","CALGARY INT'L CS","3031094","2023-09-25 09:00","2023","09","25","09:00"
"-114.00","51.11","CALGARY INT'L CS","3031094","2023-09-25 10:00","2023","09","25","10:00"
"-114.00","51.11","CALGARY INT'L CS","3031094","2023-09-25 11:00","2023","09","25","11:00"
"-114.00","51.11","CALGARY INT'L CS","3031094","2023-09-25 12:00","2023","09","25","12:00"
"-114.00","51.11","CALGARY INT'L CS","3031094","2023-09-25 13:00","2023","09","25","13:00"
"-114.00","51.11","CALGARY INT'L CS","3031094","2023-09-25 14:00","2023","09","25","14:00"
"-114.00","51.11","CALGARY INT'L CS","3031094","2023-09-25 15:00","2023","09","25","15:00"
"-114.00","51.11","CALGARY INT'L CS","3031094","2023-09-25 16:00","2023","09","25","16:00"
"-114.00","51.11","CALGARY INT'L CS","3031094","2023-09-25 17:00","2023","09","25","17:00"
"-114.00","51.11","CALGARY INT'L CS","3031094","2023-09-25 18:00","2023","09","25","18:00"
"-114.00","51.11","CALGARY INT'L CS","3031094","2023-09-25 19:00","2023","09","25","19:00"
"-114.00","51.11","CALGARY INT'L CS","3031094","2023-09-25 20:00","2023","09","25","20:00"
"-114.00","51.11","CALGARY INT'L CS","3031094","2023-09-25 21:00","2023","09","25","21:00"
"-114.00","51.11","CALGARY INT'L CS","3031094","2023-09-25 22:00","2023","09","25","22:00"
"-114.00","51.11","CALGARY INT'L CS","3031094","2023-09-25 23:00","2023","09","25","23:00"
"-114.00","51.11","CALGARY INT'L CS","3031094","2023-09-26 00:00","2023","09","26","00:00"
"-114.00","51.11","CALGARY INT'L CS","3031094","2023-09-26 01:00","2023","09","26","01:00"
"-114.00","51.11","CALGARY INT'L CS","3031094","2023-09-26 02:00","2023","09","26","02:00"
"-114.00","51.11","CALGARY INT'L CS","3031094","2023-09-26 03:00","2023","09","26","03:00"
"-114.00","51.11","CALGARY INT'L CS","3031094","2023-09-26 04:00","2023","09","26","04:00"
"-114.00","51.11","CALGARY INT'L CS","3031094","2023-09-26 05:00","2023","09","26","05:00"
"-114.00","51.11","CALGARY INT'L CS","3031094","2023-09-26 06:00","2023","09","26","06:00"
"-114.00","51.11","CALGARY INT'L CS","3031094","2023-09-26 07:00","2023","09","26","07:00"
"-114.00","51.11","CALGARY INT'L CS","3031094","2023-09-26 08:00","2023","09","26","08:00"
"-114.00","51.11","CALGARY INT'L CS","3031094","2023-09-26 09:00","2023","09","26","09:00"
"-114.00","51.11","CALGARY INT'L CS","3031094","2023-09-26 10:00","2023","09","26","10:00"
"-114.00","51.11","CALGARY INT'L CS","3031094","2023-09-26 11:00","2023","09","26","11:00"
"-114.00","51.11","CALGARY INT'L CS","3031094","2023-09-26 12:00","2023","09","26","12:00"
"-114.00","51.11","CALGARY INT'L CS","3031094","2023-09-26 13:00","2023","09","26","13:00"
"-114.00","51.11","CALGARY INT'L CS","3031094","2023-09-26 14:00","2023","09","26","14:00"
"-114.00","51.11","CALGARY INT'L CS","3031094","2023-09-26 15:00","2023","09","26","15:00"
"-114.00","51.11","CALGARY INT'L CS","3031094","2023-09-26 16:00","2023","09","26","16:00"
"-114.00","51.11","CALGARY INT'L CS","3031094","2023-09-26 17:00","2023","09","26","17:00"
"-114.00","51.11","CALGARY INT'L CS","3031094","2023-09-26 18:00","2023","09","26","18:00"
"-114.00","51.11","CALGARY INT'L CS","3031094","2023-09-26 19:00","2023","09","26","19:00"
"-114.00","51.11","CALGARY INT'L CS","3031094","2023-09-26 20:00","2023","09","26","20:00"
"-114.00","51.11","CALGARY INT'L CS","3031094","2023-09-26 21:00","2023","09","26","21:00"
"-114.00","51.11","CALGARY INT'L CS","3031094","2023-09-26 22:00","2023","09","26","22:00"
"-114.00","51.11","CALGARY INT'L CS","3031094","2023-09-26 23:00","2023","09","26","23:00"
"-114.00","51.11","CALGARY INT'L CS","3031094","2023-09-27 00:00","2023","09","27","00:00"
"-114.00","51.11","CALGARY INT'L CS","3031094","2023-09-27 01:00","2023","09","27","01:00"
"-114.00","51.11","CALGARY INT'L CS","3031094","2023-09-27 02:00","2023","09","27","02:00"
"-114.00","51.11","CALGARY INT'L CS","3031094","2023-09-27 03:00","2023","09","27","03:00"
"-114.00","51.11","CALGARY INT'L CS","3031094","2023-09-27 04:00","2023","09","27","04:00"
"-114.00","51.11","CALGARY INT'L CS","3031094","2023-09-27 05:00","2023","09","27","05:00"
"-114.00","51.11","CALGARY INT'L CS","3031094","2023-09-27 06:00","2023","09","27","06:00"
"-114.00","51.11","CALGARY INT'L CS","3031094","2023-09-27 07:00","2023","09","27","07:00"
"-114.00","51.11","CALGARY INT'L CS","3031094","2023-09-27 08:00","2023","09","27","08:00"
"-114.00","51.11","CALGARY INT'L CS","3031094","2023-09-27 09:00","2023","09","27","09:00"
"-114.00","51.11","CALGARY INT'L CS","3031094","2023-09-27 10:00","2023","09","27","10:00"
"-114.00","51.11","CALGARY INT'L CS","3031094","2023-09-27 11:00","2023","09","27","11:00"
"-114.00","51.11","CALGARY INT'L CS","3031094","2023-09-27 12:00","2023","09","27","12:00"
"-114.00","51.11","CALGARY INT'L CS","3031094","2023-09-27 13:00","2023","09","27","13:00"
"-114.00","51.11","CALGARY INT'L CS","3031094","2023-09-27 14:00","2023","09","27","14:00"
"-114.00","51.11","CALGARY INT'L CS","3031094","2023-09-27 15:00","2023","09","27","15:00"
"-114.00","51.11","CALGARY INT'L CS","3031094","2023-09-27 16:00","2023","09","27","16:00"
"-114.00","51.11","CALGARY INT'L CS","3031094","2023-09-27 17:00","2023","09","27","17:00"
"-114.00","51.11","CALGARY INT'L CS","3031094","2023-09-27 18:00","2023","09","27","18:00"
"-114.00","51.11","CALGARY INT'L CS","3031094","2023-09-27 19:00","2023","09","27","19:00"
"-114.00","51.11","CALGARY INT'L CS","3031094","2023-09-27 20:00","2023","09","27","20:00"
"-114.00","51.11","CALGARY INT'L CS","3031094","2023-09-27 21:00","2023","09","27","21:00"
"-114.00","51.11","CALGARY INT'L CS","3031094","2023-09-27 22:00","2023","09","27","22:00"
"-114.00","51.11","CALGARY INT'L CS","3031094","2023-09-27 23:00","2023","09","27","23:00"
"-114.00","51.11","CALGARY INT'L CS","3031094","2023-09-28 00:00","2023","09","28","00:00"
"-114.00","51.11","CALGARY INT'L CS","3031094","2023-09-28 01:00","2023","09","28","01:00"
"-114.00","51.11","CALGARY INT'L CS","3031094","2023-09-28 02:00","2023","09","28","02:00"
"-114.00","51.11","CALGARY INT'L CS","3031094","2023-09-28 03:00","2023","09","28","03:00"
"-114.00","51.11","CALGARY INT'L CS","3031094","2023-09-28 04:00","2023","09","28","04:00"
"-114.00","51.11","CALGARY INT'L CS","3031094","2023-09-28 05:00","2023","09","28","05:00"
"-114.00","51.11","CALGARY INT'L CS","3031094","2023-09-28 06:00","2023","09","28","06:00"
"-114.00","51.11","CALGARY INT'L CS","3031094","2023-09-28 07:00","2023","09","28","07:00"
"-114.00","51.11","CALGARY INT'L CS","3031094","2023-09-28 08:00","2023","09","28","08:00"
"-114.00","51.11","CALGARY INT'L CS","3031094","2023-09-28 09:00","2023","09","28","09:00"
"-114.00","51.11","CALGARY INT'L CS","3031094","2023-09-28 10:00","2023","09","28","10:00"
"-114.00","51.11","CALGARY INT'L CS","3031094","2023-09-28 11:00","2023","09","28","11:00"
"-114.00","51.11","CALGARY INT'L CS","3031094","2023-09-28 12:00","2023","09","28","12:00"
"-114.00","51.11","CALGARY INT'L CS","3031094","2023-09-28 13:00","2023","09","28","13:00"
"-114.00","51.11","CALGARY INT'L CS","3031094","2023-09-28 14:00","2023","09","28","14:00"
"-114.00","51.11","CALGARY INT'L CS","3031094","2023-09-28 15:00","2023","09","28","15:00"
"-114.00","51.11","CALGARY INT'L CS","3031094","2023-09-28 16:00","2023","09","28","16:00"
"-114.00","51.11","CALGARY INT'L CS","3031094","2023-09-28 17:00","2023","09","28","17:00"
"-114.00","51.11","CALGARY INT'L CS","3031094","2023-09-28 18:00","2023","09","28","18:00"
"-114.00","51.11","CALGARY INT'L CS","3031094","2023-09-28 19:00","2023","09","28","19:00"
"-114.00","51.11","CALGARY INT'L CS","3031094","2023-09-28 20:00","2023","09","28","20:00"
"-114.00","51.11","CALGARY INT'L CS","3031094","2023-09-28 21:00","2023","09","28","21:00"
"-114.00","51.11","CALGARY INT'L CS","3031094","2023-09-28 22:00","2023","09","28","22:00"
"-114.00","51.11","CALGARY INT'L CS","3031094","2023-09-28 23:00","2023","09","28","23:00"
"-114.00","51.11","CALGARY INT'L CS","3031094","2023-09-29 00:00","2023","09","29","00:00"
"-114.00","51.11","CALGARY INT'L CS","3031094","2023-09-29 01:00","2023","09","29","01:00"
"-114.00","51.11","CALGARY INT'L CS","3031094","2023-09-29 02:00","2023","09","29","02:00"
"-114.00","51.11","CALGARY INT'L CS","3031094","2023-09-29 03:00","2023","09","29","03:00"
"-114.00","51.11","CALGARY INT'L CS","3031094","2023-09-29 04:00","2023","09","29","04:00"
"-114.00","51.11","CALGARY INT'L CS","3031094","2023-09-29 05:00","2023","09","29","05:00"
"-114.00","51.11","CALGARY INT'L CS","3031094","2023-09-29 06:00","2023","09","29","06:00"
"-114.00","51.11","CALGARY INT'L CS","3031094","2023-09-29 07:00","2023","09","29","07:00"
"-114.00","51.11","CALGARY INT'L CS","3031094","2023-09-29 08:00","2023","09","29","08:00"
"-114.00","51.11","CALGARY INT'L CS","3031094","2023-09-29 09:00","2023","09","29","09:00"
"-114.00","51.11","CALGARY INT'L CS","3031094","2023-09-29 10:00","2023","09","29","10:00"
"-114.00","51.11","CALGARY INT'L CS","3031094","2023-09-29 11:00","2023","09","29","11:00"
"-114.00","51.11","CALGARY INT'L CS","3031094","2023-09-29 12:00","2023","09","29","12:00"
"-114.00","51.11","CALGARY INT'L CS","3031094","2023-09-29 13:00","2023","09","29","13:00"
"-114.00","51.11","CALGARY INT'L CS","3031094","2023-09-29 14:00","2023","09","29","14:00"
"-114.00","51.11","CALGARY INT'L CS","3031094","2023-09-29 15:00","2023","09","29","15:00"
"-114.00","51.11","CALGARY INT'L CS","3031094","2023-09-29 16:00","2023","09","29","16:00"
"-114.00","51.11","CALGARY INT'L CS","3031094","2023-09-29 17:00","2023","09","29","17:00"
"-114.00","51.11","CALGARY INT'L CS","3031094","2023-09-29 18:00","2023","09","29","18:00"
"-114.00","51.11","CALGARY INT'L CS","3031094","2023-09-29 19:00","2023","09","29","19:00"
"-114.00","51.11","CALGARY INT'L CS","3031094","2023-09-29 20:00","2023","09","29","20:00"
"-114.00","51.11","CALGARY INT'L CS","3031094","2023-09-29 21:00","2023","09","29","21:00"
"-114.00","51.11","CALGARY INT'L CS","3031094","2023-09-29 22:00","2023","09","29","22:00"
"-114.00","51.11","CALGARY INT'L CS","3031094","2023-09-29 23:00","2023","09","29","23:00"
"-114.00","51.11","CALGARY INT'L CS","3031094","2023-09-30 00:00","2023","09","30","00:00"
"-114.00","51.11","CALGARY INT'L CS","3031094","2023-09-30 01:00","2023","09","30","01:00"
"-114.00","51.11","CALGARY INT'L CS","3031094","2023-09-30 02:00","2023","09","30","02:00"
"-114.00","51.11","CALGARY INT'L CS","3031094","2023-09-30 03:00","2023","09","30","03:00"
"-114.00","51.11","CALGARY INT'L CS","3031094","2023-09-30 04:00","2023","09","30","04:00"
"-114.00","51.11","CALGARY INT'L CS","3031094","2023-09-30 05:00","2023","09","30","05:00"
"-114.00","51.11","CALGARY INT'L CS","3031094","2023-09-30 06:00","2023","09","30","06:00"
"-114.00","51.11","CALGARY INT'L CS","3031094","2023-09-30 07:00","2023","09","30","07:00"
"-114.00","51.11","CALGARY INT'L CS","3031094","2023-09-30 08:00","2023","09","30","08:00"
"-114.00","51.11","CALGARY INT'L CS","3031094","2023-09-30 09:00","2023","09","30","09:00"
"-114.00","51.11","CALGARY INT'L CS","3031094","2023-09-30 10:00","2023","09","30","10:00"
"-114.00","51.11","CALGARY INT'L CS","3031094","2023-09-30 11:00","2023","09","30","11:00"
"-114.00","51.11","CALGARY INT'L CS","3031094","2023-09-30 12:00","2023","09","30","12:00"
"-114.00","51.11","CALGARY INT'L CS","3031094","2023-09-30 13:00","2023","09","30","13:00"
"-114.00","51.11","CALGARY INT'L CS","3031094","2023-09-30 14:00","2023","09","30","14:00"
"-114.00","51.11","CALGARY INT'L CS","3031094","2023-09-30 15:00","2023","09","30","15:00"
"-114.00","51.11","CALGARY INT'L CS","3031094","2023-09-30 16:00","2023","09","30","16:00"
"-114.00","51.11","CALGARY INT'L CS","3031094","2023-09-30 17:00","2023","09","30","17:00"
"-114.00","51.11","CALGARY INT'L CS","3031094","2023-09-30 18:00","2023","09","30","18:00"
"-114.00","51.11","CALGARY INT'L CS","3031094","2023-09-30 19:00","2023","09","30","19:00"
"-114.00","51.11","CALGARY INT'L CS","3031094","2023-09-30 20:00","2023","09","30","20:00"
"-114.00","51.11","CALGARY INT'L CS","3031094","2023-09-30 21:00","2023","09","30","21:00"
"-114.00","51.11","CALGARY INT'L CS","3031094","2023-09-30 22:00","2023","09","30","22:00"
"-114.00","51.11","CALGARY INT'L CS","3031094","2023-09-30 23:00","2023","09","30","23:00"
